-- phpMyAdmin SQL Dump
-- version 5.1.1
-- https://www.phpmyadmin.net/
--
-- Host: 127.0.0.1
-- Generation Time: Jun 23, 2022 at 11:28 AM
-- Server version: 10.4.20-MariaDB
-- PHP Version: 8.0.9

SET SQL_MODE = "NO_AUTO_VALUE_ON_ZERO";
START TRANSACTION;
SET time_zone = "+00:00";


/*!40101 SET @OLD_CHARACTER_SET_CLIENT=@@CHARACTER_SET_CLIENT */;
/*!40101 SET @OLD_CHARACTER_SET_RESULTS=@@CHARACTER_SET_RESULTS */;
/*!40101 SET @OLD_COLLATION_CONNECTION=@@COLLATION_CONNECTION */;
/*!40101 SET NAMES utf8mb4 */;

--
-- Database: `mis`
--

-- --------------------------------------------------------

--
-- Table structure for table `bagian`
--

CREATE TABLE `bagian` (
  `id_bagian` int(11) NOT NULL,
  `nama_bagian` varchar(128) NOT NULL
) ENGINE=InnoDB DEFAULT CHARSET=utf8mb4;

--
-- Dumping data for table `bagian`
--

INSERT INTO `bagian` (`id_bagian`, `nama_bagian`) VALUES
(1, 'Kepala Perpustakaan'),
(2, 'Administrasi'),
(3, 'Pengolahan'),
(4, 'Sirkulasi'),
(5, 'Kerumahtanggaan'),
(6, 'TI & Digitalisasi'),
(7, 'CS');

-- --------------------------------------------------------

--
-- Table structure for table `barang`
--

CREATE TABLE `barang` (
  `kode_barang` varchar(128) NOT NULL,
  `nama_barang` varchar(128) NOT NULL,
  `satuan` varchar(128) NOT NULL,
  `jenis_id` int(11) NOT NULL
) ENGINE=InnoDB DEFAULT CHARSET=utf8mb4;

--
-- Dumping data for table `barang`
--

INSERT INTO `barang` (`kode_barang`, `nama_barang`, `satuan`, `jenis_id`) VALUES
('J.1.A001.1001', 'Amplop Besar Berlogo 24X34,5Cm', 'Pcs', 1),
('J.1.A002.1002', 'Amplop Besar Berlogo 29X39Cm', 'Pcs', 1),
('J.1.A003.1003', 'Amplop Besar Berlogo Stain 18X28,5Cm', 'Pcs', 1),
('J.1.A004.1004', 'Amplop Besar Berlogo Stain 29X39Cm', 'Pcs', 1),
('J.1.A005.1005', 'Amplop Kecil Berlogo 11X26 Cm Warna Kuning', 'Pcs', 1),
('J.1.A006.1006', 'Amplop Kecil Berlogo IAIN Lama 11X26 Cm Warna Kuning', 'Pcs', 1),
('J.1.A007.1007', 'Amplop Kecil Berlogo Stain 11X26 Cm Warna Kuning', 'Pcs', 1),
('J.1.A008.1008', 'Amplop Kuning Besar Polos 29X39Cm', 'Pcs', 1),
('J.1.A009.1009', 'Amplop Putih Sinar Dunia', 'Pcs', 1),
('J.1.A010.1010', 'Anak Cutter A-100', 'Kotak', 1),
('J.1.A011.1011', 'Anak Cutter Besar ( Blande L-150)', 'Kotak', 1),
('J.1.A012.1012', 'Anak Cutter Kecil (Cutter Blandes)', 'Kotak', 1),
('J.1.A013.1013', 'Anak Cutter L-500', 'Kotak', 1),
('J.1.A014.1014', 'Anak Hekter 23/10', 'Kotak', 1),
('J.1.A015.1015', 'Anak Hekter 23/10', 'Kotak', 1),
('J.1.A016.1016', 'Anak Hekter 23/15', 'Kotak', 1),
('J.1.A017.1017', 'Anak Hekter 23/17', 'Kotak', 1),
('J.1.A018.1018', 'Anak Hekter 23/8', 'Kotak', 1),
('J.1.A019.1019', 'Anak Hekter 24/6 No. 3', 'Kotak', 1),
('J.1.A020.1020', 'Anak Hekter Kecil No. 10', 'Kotak', 1),
('J.1.A021.1021', 'Anak Pulpen Tinta Cair Boldliner 1.0', 'Pcs', 1),
('J.1.A022.1022', 'Ballpoint Baldliner 1,0', 'Pcs', 1),
('J.1.A023.1023', 'Ballpoint Standard E-7', 'Pcs', 1),
('J.1.A024.1024', 'Bantalan Stempel Besar', 'Pcs', 1),
('J.1.A025.1025', 'Bantalan Stempel Kecil', 'Pcs', 1),
('J.1.A026.1026', 'Batrei Jam', 'Pcs', 1),
('J.1.A027.1027', 'Batrei Remot', 'Pcs', 1),
('J.1.A028.1028', 'Benang Putih Bangunan', 'Pcs', 1),
('J.1.A029.1029', 'Binder Clip No. 105', 'Pcs', 1),
('J.1.A030.1030', 'Binder Clip No. 107', 'Pcs', 1),
('J.1.A031.1031', 'Binder Clip No. 155', 'Pcs', 1),
('J.1.A032.1032', 'Binder Clip No. 200', 'Pcs', 1),
('J.1.A033.1033', 'Binder Clip No. 260', 'Pcs', 1),
('J.1.A034.1034', 'Block-Notes No. 16', 'Pcs', 1),
('J.1.A035.1035', 'Block-Notes No. 21', 'Pcs', 1),
('J.1.A036.1036', 'Block-Notes Whorkshop Tenaga Automasi', 'Pcs', 1),
('J.1.A037.1037', 'Bola Lampu Merk Hannoc 45 Watt', 'Pcs', 1),
('J.1.A038.1038', 'Bola Lampu Merk I-Hemat 45 Watt', 'Pcs', 1),
('J.1.A039.1039', 'Buku Kwitansi Besar', 'Pcs', 1),
('J.1.A040.1040', 'Buku Tulis Standart Besar', 'Pcs', 1),
('J.1.A041.1041', 'Buku Tulis Standart Kecil', 'Pcs', 1),
('J.1.A042.1042', 'Cartridge Cannon 800 Hitam', 'Pcs', 1),
('J.1.A043.1043', 'Cartridge Cannon 800 Warna', 'Pcs', 1),
('J.1.A044.1044', 'Cartridge Pixma 98 Hitam', 'Pcs', 1),
('J.1.A045.1045', 'Cartridge Pixma 98 Warna', 'Pcs', 1),
('J.1.A046.1046', 'Cassing Id Card Biru', 'Pcs', 1),
('J.1.A047.1047', 'Cover Paper Bupalo (Biru)', 'Pcs', 1),
('J.1.A048.1048', 'Cover Paper Bupalo (Hijau Muda)', 'Pcs', 1),
('J.1.A049.1049', 'Cover Paper Bupalo (Hijau Tua)', 'Pcs', 1),
('J.1.A050.1050', 'Cover Paper Bupalo (Kuning)', 'Pcs', 1),
('J.1.A051.1051', 'Cover Paper Bupalo (Orange)', 'Pcs', 1),
('J.1.A052.1052', 'Cover Paper Bupalo (Pink)', 'Pcs', 1),
('J.1.A053.1053', 'Cover Paper Bupalo (Putih)', 'Rim', 1),
('J.1.A054.1054', 'Cutter Joyko L-500', 'Pcs', 1),
('J.1.A055.1055', 'Cutter Kecil A-300', 'Pcs', 1),
('J.1.A056.1056', 'Cutter Knife (Cx-300)', 'Pcs', 1),
('J.1.A057.1057', 'Cutter L-500', 'Pcs', 1),
('J.1.A058.1058', 'Double Folio', 'Pcs', 1),
('J.1.A059.1059', 'Gantungan Pakaian Besi', 'Pcs', 1),
('J.1.A060.1060', 'Gelas Kaca Besar', 'Pcs', 1),
('J.1.A061.1061', 'Gembok Putih Glt-0230', 'Pcs', 1),
('J.1.A062.1062', 'Gembok Ys Kuning', 'Pcs', 1),
('J.1.A063.1063', 'Isulasi Bening Besar', 'Pcs', 1),
('J.1.A064.1064', 'Isulasi Bening Kecil', 'Pcs', 1),
('J.1.A065.1065', 'Isulasi Bening Sedang', 'Pcs', 1),
('J.1.A066.1066', 'Isulasi Warna Coklat', 'Pcs', 1),
('J.1.A067.1067', 'Kantong Plastik Cd/Dvd', 'Pcs', 1),
('J.1.A068.1068', 'Kapas Pelembang', 'Pcs', 1),
('J.1.A069.1069', 'Kapur Barus Besar Warna (Super Ampu)', 'Pcs', 1),
('J.1.A070.1070', 'Kapur Barus Kecil Warna (Sea Gull)', 'Pcs', 1),
('J.1.A071.1071', 'Kemoceng', 'Pcs', 1),
('J.1.A072.1072', 'Kertas Hvs A4 70 Gram Sidu', 'Rim', 1),
('J.1.A073.1073', 'Kertas Hvs F4 70 Gram Sidu', 'Rim', 1),
('J.1.A074.1074', 'Kertas Karbon Mesin Tik', 'Rim', 1),
('J.1.A075.1075', 'Kertas Karton Tebal', 'Rim', 1),
('J.1.A076.1076', 'Kertas Label', 'Rim', 1),
('J.1.A077.1077', 'Kertas Photo A4', 'Rim', 1),
('J.1.A078.1078', 'Kertas Photo Folio', 'Rim', 1),
('J.1.A079.1079', 'Kertas Plastik Sampul Buku', 'Gulung', 1),
('J.1.A080.1080', 'Kertas Tissu', 'Pcs', 1),
('J.1.A081.1081', 'Kertas Warna Sidu F4 (Kuning)', 'Rim', 1),
('J.1.A082.1082', 'Kertas Warna Sidu F4 (Pink)', 'Rim', 1),
('J.1.A083.1083', 'Kotak Nasi 18X18', 'Kotak', 1),
('J.1.A084.1084', 'Kotak Snack', 'Kotak', 1),
('J.1.A085.1085', 'Kwitansi Besar', 'Pcs', 1),
('J.1.A086.1086', 'Lakban Bening Gold Tape', 'Pcs', 1),
('J.1.A087.1087', 'Lakban Hitam Besar', 'Pcs', 1),
('J.1.A088.1088', 'Lakban Hitam Sedang', 'Pcs', 1),
('J.1.A089.1089', 'Lem Fox 150G (Kecil)', 'Pcs', 1),
('J.1.A090.1090', 'Lem Fox 500G (Sedang)', 'Pcs', 1),
('J.1.A091.1091', 'Letter File Pakar', 'Pcs', 1),
('J.1.A092.1092', 'Makkok Plastik', 'Pcs', 1),
('J.1.A093.1093', 'Map Biasa Kuning', 'Pcs', 1),
('J.1.A094.1094', 'Map Plastik Kancing Hijau', 'Pcs', 1),
('J.1.A095.1095', 'Map Plastik Kancing Kuning', 'Pcs', 1),
('J.1.A096.1096', 'Map Plastik Kancing Merah', 'Pcs', 1),
('J.1.A097.1097', 'Map Plastik Kancing Putih', 'Pcs', 1),
('J.1.A098.1098', 'Map Tulang', 'Pcs', 1),
('J.1.A099.1099', 'Medika-Antiseptic Handrub', 'Pcs', 1),
('J.1.A100.1100', 'Mika Film (Folio) Bening', 'Pcs', 1),
('J.1.A101.1101', 'Mika Film (Folio) Biru', 'Pcs', 1),
('J.1.A102.1102', 'Mika Film (Folio) Biru Tua', 'Pcs', 1),
('J.1.A103.1103', 'Paku Payung Kecil', 'Pcs', 1),
('J.1.A104.1104', 'Penghapus Pensil Standard', 'Pcs', 1),
('J.1.A105.1105', 'Pengharum Kamar Mandi', 'Pcs', 1),
('J.1.A106.1106', 'Pengharum Ruangan', 'Pcs', 1),
('J.1.A107.1107', 'Pensil Faber Castell Set Standar', 'Pcs', 1),
('J.1.A108.1108', 'Pensil Standard 2 B', 'Pcs', 1),
('J.1.A109.1109', 'Penyangga Buku', 'Pcs', 1),
('J.1.A110.1110', 'Pewangi Ruangan (Glade)', 'Pcs', 1),
('J.1.A111.1111', 'Pulpen Boldliner 1.0', 'Pcs', 1),
('J.1.A112.1112', 'Rj 45 Tyco Electronics', 'Kotak', 1),
('J.1.A113.1113', 'Rol Stainless 50 Cm', 'Pcs', 1),
('J.1.A114.1114', 'Sarung Tangan Karet', 'Pcs', 1),
('J.1.A115.1115', 'Sarung Tangan Plstik', 'Pcs', 1),
('J.1.A116.1116', 'Snowman Spidol Warna Biru', 'Pcs', 1),
('J.1.A117.1117', 'Snowman Spidol Warna Hitam', 'Pcs', 1),
('J.1.A118.1118', 'Stofmap Folio', 'Pcs', 1),
('J.1.A119.1119', 'Tali Plastik (Matahari)', 'Pcs', 1),
('J.1.A120.1120', 'Tinta Printer Cannon Data Print', 'Kotak', 1),
('J.1.A121.1121', 'Tinta Printer E-Print Biru', 'Pcs', 1),
('J.1.A122.1122', 'Tinta Printer E-Print Hitam', 'Pcs', 1),
('J.1.A123.1123', 'Tinta Printer E-Print Kuning', 'Pcs', 1),
('J.1.A124.1124', 'Tinta Printer E-Print Kuning 200 Ml', 'Pcs', 1),
('J.1.A125.1125', 'Tinta Printer E-Print Merah', 'Pcs', 1),
('J.1.A126.1126', 'Tinta Printer E-Print Merah 200 Ml', 'Pcs', 1),
('J.1.A127.1127', 'Tinta Printer Epson 664 Biru', 'Pcs', 1),
('J.1.A128.1128', 'Tinta Printer Epson 664 Hitam', 'Pcs', 1),
('J.1.A129.1129', 'Tinta Printer Epson 664 Kuning', 'Pcs', 1),
('J.1.A130.1130', 'Tinta Printer Epson 664 Merah', 'Pcs', 1),
('J.1.A131.1131', 'Tinta Printer Miracle- Ink Biru', 'Pcs', 1),
('J.1.A132.1132', 'Tinta Printer Miracle- Ink Hitam', 'Pcs', 1),
('J.1.A133.1133', 'Tinta Printer Miracle- Ink Kuning', 'Pcs', 1),
('J.1.A134.1134', 'Tinta Printer Miracle- Ink Merah', 'Pcs', 1),
('J.1.A135.1135', 'Tinta Pulpen Baldliner 1.0 ', 'Pcs', 1),
('J.1.A136.1136', 'Tinta Stempel Botol Kecil Warna Biru', 'Pcs', 1),
('J.1.A137.1137', 'Tinta Stempel Botol Kecil Warna Hitam', 'Pcs', 1),
('J.1.A138.1138', 'Tip Ex ', 'Pcs', 1),
('J.1.A139.1139', 'Unioil (Oli) 800Ml', 'Pcs', 1),
('J.1.A140.1140', 'Masker', 'Pcs', 1),
('J.1.A141.1141', 'Politex', 'pcs', 1),
('J.1.A142.1142', 'Spiro 0.38 (Pulpen)', 'pcs', 1),
('J.1.A143.1143', 'Ball Liner', 'pcs', 1),
('J.1.A144.1144', 'Tinta Printer E-print 100 ml (kuning)', 'pcs', 1),
('J.1.A145.1145', 'Tinta Printer E-print 100 ml (biru)', 'pcs', 1),
('J.1.A146.1146', 'Tinta Printer E-print 100 ml (merah)', 'pcs', 1),
('J.1.A146.1147', 'Pulpen Pilot Boll Liner Medium (Biru)', 'pcs', 1),
('J.1.A146.1148', 'Buku Expedisi Surat', 'pcs', 1),
('J.1.A146.1149', 'Map biasa (Hijau)', 'pcs', 1),
('J.1.B001.2001', 'Betina Cok Raun 3', 'Pcs', 2),
('J.1.B002.2002', 'Betina Cok Raun 4 Lobang', 'Pcs', 2),
('J.1.B003.2003', 'Betina Cok Raun 5 Lobang', 'Pcs', 2),
('J.1.B004.2004', 'Betina Cok Raun 6 Lobang', 'Pcs', 2),
('J.1.B005.2005', 'Cok Jantan', 'Pcs', 2),
('J.1.B006.2006', 'Digital Parabola', 'Pcs', 2),
('J.1.B007.2007', 'Dispenser', 'Pcs', 2),
('J.1.B008.2008', 'DVD LG', 'Pcs', 2),
('J.1.B009.2009', 'Gorden Biru', 'Pcs', 2),
('J.1.B010.2010', 'Gorden Coklat', 'Pcs', 2),
('J.1.B011.2011', 'Gorden Putih ', 'Pcs', 2),
('J.1.B012.2012', 'Gorden Warna Biru', 'Pcs', 2),
('J.1.B013.2013', 'Grendel Kecil', 'Pcs', 2),
('J.1.B014.2014', 'Grendel Pintu', 'Pcs', 2),
('J.1.B015.2015', 'Gunting Besar', 'Pcs', 2),
('J.1.B016.2016', 'Gunting Sedang', 'Pcs', 2),
('J.1.B017.2017', 'Hanger', 'Pcs', 2),
('J.1.B018.2018', 'Hekter Kecil', 'Pcs', 2),
('J.1.B019.2019', 'Hekter Sedang', 'Pcs', 2),
('J.1.B020.2020', 'Hekter Tembak Canguru', 'Pcs', 2),
('J.1.B021.2021', 'Jerigen Minyak 10 L', 'Pcs', 2),
('J.1.B022.2022', 'Kaca Pelindung Wajah (Bening)', 'Pcs', 2),
('J.1.B023.2023', 'Kanebo', 'Pcs', 2),
('J.1.B024.2024', 'Karpet Mie Keriting', 'Pcs', 2),
('J.1.B025.2025', 'Kontainer Mini', 'Pcs', 2),
('J.1.B026.2026', 'Kotak Pp3K', 'Pcs', 2),
('J.1.B027.2027', 'Kunci Engsel Laci/Lemari', 'Pcs', 2),
('J.1.B028.2028', 'Martil', 'Pcs', 2),
('J.1.B029.2029', 'Obeng Putih Besar', 'Pcs', 2),
('J.1.B030.2030', 'Obeng Putih Kecil', 'Pcs', 2),
('J.1.B031.2031', 'Panci', 'Pcs', 2),
('J.1.B032.2032', 'Pelobang Kertas', 'Pcs', 2),
('J.1.B033.2033', 'Pelobang Kertas Ukuran Besar', 'Pcs', 2),
('J.1.B034.2034', 'Pemotong Plastik Isulasi Besar', 'Pcs', 2),
('J.1.B035.2035', 'Piring Plastik', 'Pcs', 2),
('J.1.B036.2036', 'Plastik Buah', 'Pcs', 2),
('J.1.B037.2037', 'Plastik Kta Lama', 'Pcs', 2),
('J.1.B038.2038', 'Rak Sepatu Besi', 'Pcs', 2),
('J.1.B039.2039', 'Rak Sepatu Plastik', 'Pcs', 2),
('J.1.B040.2040', 'Remot Ac Merk Daikin', 'Pcs', 2),
('J.1.B041.2041', 'Remot Ac Merk Samsung', 'Pcs', 2),
('J.1.B042.2042', 'Sandal Swallow', 'Pcs', 2),
('J.1.B043.2043', 'Serbet', 'Pcs', 2),
('J.1.B044.2044', 'Stabiliser', 'Pcs', 2),
('J.1.B045.2045', 'Tas Tempat Cd/Dvd', 'Pcs', 2),
('J.1.B046.2046', 'Teko Plastik', 'Pcs', 2),
('J.1.B047.2047', 'Wayar 50M', 'Pcs', 2),
('J.1.B048.2048', 'CPU Acer', 'Pcs', 2),
('J.1.B049.2049', 'CPU Compac', 'Pcs', 2),
('J.1.B050.2050', 'CPU HP', 'Pcs', 2),
('J.1.B051.2051', 'CPU Thermaltake', 'Pcs', 2),
('J.1.B052.2052', 'Hub D-Link 24 Port', 'Pcs', 2),
('J.1.B053.2053', 'Hub TP-Link 24 Port', 'Pcs', 2),
('J.1.B054.2054', 'Keyboard Acer', 'Pcs', 2),
('J.1.B055.2055', 'Keyboard Advan', 'Pcs', 2),
('J.1.B056.2056', 'Keyboard Compac', 'Pcs', 2),
('J.1.B057.2057', 'Keyboard HP', 'Pcs', 2),
('J.1.B058.2058', 'Monitor Acer', 'Pcs', 2),
('J.1.B059.2059', 'Monitor HP 15 Inc', 'Pcs', 2),
('J.1.B060.2060', 'Monitor LG', 'Pcs', 2),
('J.1.B061.2061', 'Mouse Acer', 'Pcs', 2),
('J.1.B062.2062', 'Mouse Advan', 'Pcs', 2),
('J.1.B063.2063', 'Mouse Atake', 'Pcs', 2),
('J.1.B064.2064', 'Mouse Compac', 'Pcs', 2),
('J.1.B065.2065', 'Mouse Genius', 'Pcs', 2),
('J.1.B066.2066', 'Mouse HP', 'Pcs', 2),
('J.1.B067.2067', 'Printer Cannon IP2770', 'Pcs', 2),
('J.1.B068.2068', 'Printer Cannon MP198', 'Pcs', 2),
('J.1.B069.2069', 'Router Tenda AC1200', 'Pcs', 2),
('J.1.B070.2070', 'Router TP-Link 5 Port', 'Pcs', 2),
('J.1.B071.2071', 'Scanner Orbit', 'Pcs', 2),
('J.1.B072.2072', 'Scanner Symbol DS9208 ', 'Pcs', 2),
('J.1.B073.2073', 'Scanner Symbol LS-2208', 'Pcs', 2),
('J.1.B074.2074', 'Scanner Ultron', 'Pcs', 2),
('J.1.B075.2075', 'Speaker', 'Pcs', 2),
('J.1.B076.2076', 'Speaker Acer', 'Pcs', 2),
('J.1.B077.2077', 'Speaker HP', 'Pcs', 2),
('J.1.B078.2078', 'Switch Tenda TEG1008D 8 Port', 'Unit', 2),
('J.1.B079.2079', 'Switch TP-Link 4 Port', 'Unit', 2),
('J.1.B080.2080', 'Tenda Nova MW6', 'Unit', 2),
('J.1.B081.2081', 'TV Samsung', 'Pcs', 2),
('J.1.B081.2082', 'Tenda Nova MW3', 'Unit', 2),
('J.1.B081.2083', 'Mikrotik RB450Gx4', 'Unit', 2),
('J.1.B081.2084', 'Switch TP-Link TL-SG1005D 5 Port', 'Unit', 2),
('J.1.B081.2085', 'Switch Tenda SG108 8 Port', 'Unit', 2),
('J.1.B082.2082', 'Tang', 'pcs', 2),
('J.1.B083.2081', 'Kabel HDMI', 'Unit', 2),
('J.1.B084.2084', 'Hekter Paling Besar', 'Unit', 2),
('J.1.B085.2085', 'Printer Epson L565', 'Unit', 2),
('J.1.B085.2086', 'Nomuri (Ceret Air 3 Liter)', 'pcs', 2),
('J.1.B085.2087', 'Piring', 'pcs', 2),
('J.1.B085.2088', 'Mangkok Bakso', 'pcs', 2),
('J.1.B085.2089', 'Piring Buah (besar)', 'pcs', 2),
('J.1.B085.2090', 'Gelas Durrex (Panjang)', 'pcs', 2),
('J.1.B085.2091', 'Gelas Kedaung Group', 'pcs', 2),
('J.1.B085.2092', 'Kompor Listrik', 'pcs', 2),
('J.1.B085.2093', 'Nomuri  (Ceret 2 liter)', 'pcs', 2),
('J.1.B085.2094', 'Sendok Makan', 'pcs', 2),
('J.1.B085.2095', 'Sendok Nasi', 'pcs', 2),
('J.1.B085.2096', 'Tempat Cuci Tangan Kaca', 'Pcs', 2),
('J.1.B085.2097', 'Lem TOP', 'pcs', 1),
('J.1.B085.2098', 'Tinta Print warna biru 200ml', 'pcs', 1),
('J.1.B085.2099', 'Pulpen biasa Technoline (biru)', 'pcs', 1),
('J.1.B085.2100', 'Pulpen biasa Technoline (hitam)', 'pcs', 1),
('J.1.B085.2101', 'Tinta Print warna hitam 200ml', 'pcs', 1),
('J.1.B085.2102', 'Lem TOP', 'pcs', 1),
('J.1.B085.2103', 'Kertas A4 Paper one', 'rim', 1),
('J.1.B085.2104', 'Kertas F4 Paper one', 'rim', 1),
('J.1.B085.2105', 'Selang Air', 'pcs', 2);

-- --------------------------------------------------------

--
-- Table structure for table `barang_keluar`
--

CREATE TABLE `barang_keluar` (
  `id_keluar` int(11) NOT NULL,
  `barang_kode` varchar(128) NOT NULL,
  `pegawai_id` varchar(16) NOT NULL,
  `jumlah` varchar(11) NOT NULL,
  `tanggal_keluar` date NOT NULL,
  `keterangan` varchar(250) NOT NULL
) ENGINE=InnoDB DEFAULT CHARSET=utf8mb4;

--
-- Dumping data for table `barang_keluar`
--

INSERT INTO `barang_keluar` (`id_keluar`, `barang_kode`, `pegawai_id`, `jumlah`, `tanggal_keluar`, `keterangan`) VALUES
(1, 'J.1.A111.1111', '1277052010750001', '1', '2021-05-19', ''),
(2, 'J.1.A089.1089', '1277023101800003', '1', '2021-05-31', ''),
(3, 'J.1.A140.1140', '1277023101800003', '2', '2021-05-31', ''),
(4, 'J.1.A072.1072', '1277050208870003', '1', '2021-06-02', ''),
(5, 'J.1.B022.2022', '1277050208870003', '1', '2021-06-02', ''),
(6, 'J.1.A120.1120', '1277050208870003', '1', '2021-06-02', ''),
(7, 'J.1.A140.1140', '1277050208870003', '2', '2021-06-02', ''),
(8, 'J.1.A099.1099', '1277023101800003', '1', '2021-06-02', ''),
(9, 'J.1.A072.1072', '1277023101800003', '1', '2021-06-02', ''),
(10, 'J.1.A023.1023', '1277023101800003', '2', '2021-06-02', ''),
(11, 'J.1.A081.1081', '1277023101800003', '0.5', '2021-06-02', ''),
(12, 'J.1.B043.2043', '1277023101800003', '1', '2021-06-02', ''),
(13, 'J.1.A120.1120', '1277023101800003', '1', '2021-06-02', ''),
(14, 'J.1.A099.1099', '1277051708970001', '1', '2021-06-02', ''),
(15, 'J.1.A140.1140', '1277051708970001', '2', '2021-06-02', ''),
(16, 'J.1.A023.1023', '1277051708970001', '2', '2021-06-02', ''),
(17, 'J.1.A072.1072', '1277051708970001', '1', '2021-06-02', ''),
(18, 'J.1.B022.2022', '1277051708970001', '1', '2021-06-02', ''),
(19, 'J.1.A080.1080', '1277012709960004', '1', '2021-06-02', ''),
(20, 'J.1.B043.2043', '1277052010750001', '1', '2021-06-02', ''),
(21, 'J.1.B022.2022', '1213063001193000', '1', '2021-06-10', ''),
(22, 'J.1.A111.1111', '1213063001193000', '1', '2021-06-10', ''),
(23, 'J.1.A030.1030', '1213063001193000', '1', '2021-06-10', ''),
(24, 'J.1.A023.1023', '1277016706820003', '1', '2021-06-14', ''),
(25, 'J.1.A140.1140', '1277052010750001', '1', '2021-06-14', ''),
(26, 'J.1.A140.1140', '1213020804820001', '1', '2021-06-14', ''),
(27, 'J.1.A025.1025', '1277051708970001', '1', '2021-06-17', ''),
(28, 'J.1.A026.1026', '1277051708970001', '1', '2021-06-17', ''),
(29, 'J.1.A023.1023', '1277027101790006', '1', '2021-06-17', ''),
(30, 'J.1.B043.2043', '127302531197001', '1', '2021-06-18', ''),
(31, 'J.1.A023.1023', '127302531197001', '2', '2021-06-18', ''),
(32, 'J.1.A140.1140', '127302531197001', '1', '2021-06-18', ''),
(33, 'J.1.A140.1140', '1277051708970001', '2', '2021-06-18', ''),
(34, 'J.1.A071.1071', '1277051708970001', '1', '2021-06-18', ''),
(35, 'J.1.B043.2043', '1277051708970001', '1', '2021-06-18', ''),
(36, 'J.1.A031.1031', '127302531197001', '12', '2021-06-18', ''),
(37, 'J.1.A072.1072', '1271094610950001', '1', '2021-06-18', ''),
(38, 'J.1.A031.1031', '1271094610950001', '9', '2021-06-18', ''),
(39, 'J.1.B035.2035', '1213020804820001', '4', '2021-06-22', ''),
(40, 'J.1.A072.1072', '1277023101800003', '1', '2021-07-05', ''),
(41, 'J.1.A122.1122', '1277023101800003', '1', '2021-07-05', ''),
(42, 'J.1.A072.1072', '1277050208870003', '1', '2021-07-06', ''),
(43, 'J.1.A089.1089', '127302531197001', '1', '2021-07-06', ''),
(44, 'J.1.A111.1111', '1277016706820003', '1', '2021-07-06', ''),
(45, 'J.1.A063.1063', '1277016706820003', '1', '2021-07-06', ''),
(46, 'J.1.A140.1140', '1277051708970001', '1', '2021-07-07', ''),
(47, 'J.1.A140.1140', '1213020804820001', '1', '2021-07-07', ''),
(48, 'J.1.A110.1110', '1277050208870003', '1', '2021-07-08', ''),
(49, 'J.1.A110.1110', '1277051708970001', '1', '2021-07-08', ''),
(50, 'J.1.A022.1022', '1277051708970001', '1', '2021-07-08', ''),
(51, 'J.1.A023.1023', '1277051708970001', '2', '2021-07-08', ''),
(52, 'J.1.A116.1116', '1213020804820001', '1', '2021-07-08', ''),
(53, 'J.1.A140.1140', '1277052010750001', '1', '2021-07-21', ''),
(54, 'J.1.A140.1140', '1213020804820001', '1', '2021-07-21', ''),
(55, 'J.1.A140.1140', '1277051708970001', '1', '2021-07-21', ''),
(56, 'J.1.A140.1140', '1407055209960004', '1', '2021-07-22', ''),
(57, 'J.1.A140.1140', '127302531197001', '1', '2021-07-22', ''),
(58, 'J.1.A140.1140', '1277012709960004', '1', '2021-07-22', ''),
(59, 'J.1.A072.1072', '1277050208870003', '1', '2021-07-27', ''),
(60, 'J.1.A140.1140', '1277051708970001', '1', '2021-07-23', ''),
(61, 'J.1.A140.1140', '1277052010750001', '1', '2021-07-23', ''),
(62, 'J.1.A110.1110', '1277016706820003', '1', '2021-07-23', ''),
(63, 'J.1.A026.1026', '1213020804820001', '2', '2021-07-21', ''),
(64, 'J.1.A080.1080', '1213020804820001', '1', '2021-07-21', ''),
(65, 'J.1.B002.2002', '1213020804820001', '1', '2021-07-27', ''),
(66, 'J.1.B003.2003', '1213020804820001', '2', '2021-07-27', ''),
(67, 'J.1.B004.2004', '1213020804820001', '1', '2021-07-27', ''),
(68, 'J.1.B005.2005', '1213020804820001', '4', '2021-07-27', ''),
(69, 'J.1.B047.2047', '1213020804820001', '1', '2021-07-27', ''),
(70, 'J.1.A073.1073', '1213020804820001', '1', '2021-08-04', ''),
(71, 'J.1.B029.2029', '1213020804820001', '1', '2021-08-04', ''),
(72, 'J.1.A075.1075', '1213020804820001', '3', '2021-08-04', ''),
(73, 'J.1.A033.1033', '1213063001193000', '12', '2021-08-04', ''),
(74, 'J.1.B015.2015', '1213063001193000', '2', '2021-08-04', ''),
(75, 'J.1.A090.1090', '1220041505592000', '2', '2021-08-04', ''),
(76, 'J.1.A089.1089', '1277051708970001', '2', '2021-08-04', ''),
(77, 'J.1.A063.1063', '1277051708970001', '6', '2021-08-04', ''),
(78, 'J.1.A087.1087', '1277051708970001', '2', '2021-08-04', ''),
(79, 'J.1.A088.1088', '1277051708970001', '1', '2021-08-04', ''),
(80, 'J.1.A054.1054', '1213035006960003', '2', '2021-08-04', ''),
(81, 'J.1.A017.1017', '1213035006960003', '1', '2021-08-04', ''),
(82, 'J.1.A113.1113', '1213035006960003', '2', '2021-08-04', ''),
(83, 'J.1.A028.1028', '1213063001193000', '1', '2021-08-04', ''),
(84, 'J.1.A111.1111', '1277027101790006', '1', '2021-08-04', ''),
(85, 'J.1.A072.1072', '1277027101790006', '1', '2021-08-04', ''),
(86, 'J.1.A075.1075', '1277027101790006', '1', '2021-08-04', ''),
(87, 'J.1.A086.1086', '1277027101790006', '1', '2021-08-04', ''),
(88, 'J.1.A111.1111', '1213063001193000', '1', '2021-08-04', ''),
(89, 'J.1.A111.1111', '1277025205960001', '1', '2021-08-04', ''),
(90, 'J.1.A011.1011', '1277027101790006', '1', '2021-08-04', ''),
(91, 'J.1.A011.1011', '1213063001193000', '1', '2021-08-04', ''),
(92, 'J.1.A099.1099', '1277023101800003', '1', '2021-08-05', ''),
(93, 'J.1.A120.1120', '1277050208870003', '1', '2021-08-26', ''),
(94, 'J.1.A120.1120', '1277023101800003', '1', '2021-08-26', ''),
(95, 'J.1.A072.1072', '1277050208870003', '3', '2021-09-07', ''),
(96, 'J.1.A121.1121', '1277050208870003', '1', '2021-09-07', ''),
(97, 'J.1.A123.1123', '1277050208870003', '1', '2021-09-07', ''),
(98, 'J.1.A125.1125', '1277050208870003', '1', '2021-09-07', ''),
(99, 'J.1.A135.1135', '1277050208870003', '2', '2021-09-07', ''),
(100, 'J.1.A023.1023', '1277050208870003', '1', '2021-09-07', ''),
(101, 'J.1.A072.1072', '1277012709960004', '1', '2021-09-07', ''),
(102, 'J.1.A042.1042', '1277012709960004', '1', '2021-09-07', ''),
(103, 'J.1.A043.1043', '1277012709960004', '1', '2021-09-07', ''),
(104, 'J.1.A109.1109', '1277027101790006', '12', '2021-09-02', ''),
(105, 'J.1.A093.1093', '1277027101790006', '6', '2021-09-02', ''),
(106, 'J.1.A075.1075', '1277050208870003', '14', '2021-09-09', ''),
(107, 'J.1.A042.1042', '1277050208870003', '1', '2021-09-09', ''),
(108, 'J.1.A043.1043', '1277050208870003', '1', '2021-09-09', ''),
(109, 'J.1.A072.1072', '1277050208870003', '1', '2021-09-09', ''),
(110, 'J.1.A042.1042', '1277023101800003', '1', '2021-09-09', ''),
(111, 'J.1.A043.1043', '1277023101800003', '1', '2021-09-09', ''),
(112, 'J.1.A120.1120', '1277050208870003', '1', '2021-09-09', ''),
(113, 'J.1.A073.1073', '1277050208870003', '3', '2021-09-08', ''),
(114, 'J.1.A073.1073', '1277012709960004', '3', '2021-09-09', ''),
(115, 'J.1.A033.1033', '1213020804820001', '12', '2021-09-08', ''),
(116, 'J.1.A043.1043', '1277050208870003', '2', '2021-09-10', ''),
(117, 'J.1.A042.1042', '1277050208870003', '1', '2021-09-10', ''),
(118, 'J.1.A026.1026', '1213035006960003', '2', '2021-09-10', ''),
(119, 'J.1.A072.1072', '1277023101800003', '1', '2021-09-22', ''),
(120, 'J.1.A082.1082', '1277023101800003', '0.5', '2021-09-22', ''),
(121, 'J.1.A143.1143', '1277052010750001', '1', '2021-10-06', ''),
(122, 'J.1.A142.1142', '1277050208870003', '1', '2021-09-28', ''),
(123, 'J.1.A143.1143', '1277050208870003', '1', '2021-09-28', ''),
(124, 'J.1.A026.1026', '1277023101800003', '3', '2021-10-07', ''),
(125, 'J.1.A026.1026', '1277023101800003', '3', '2021-10-07', ''),
(126, 'J.1.A072.1072', '1277050208870003', '1', '2021-10-06', ''),
(127, 'J.1.A065.1065', '1277050208870003', '1', '2021-10-06', ''),
(128, 'J.1.A088.1088', '1277050208870003', '1', '2021-10-06', ''),
(129, 'J.1.A011.1011', '1277050208870003', '1', '2021-10-06', ''),
(130, 'J.1.A079.1079', '1213063001193000', '1', '2021-08-31', ''),
(131, 'J.1.A079.1079', '1277016706820003', '1', '2021-10-13', ''),
(132, 'J.1.A089.1089', '1277016706820003', '1', '2021-10-13', ''),
(133, 'J.1.A075.1075', '1277016706820003', '1', '2021-10-13', ''),
(134, 'J.1.A011.1011', '1277016706820003', '1', '2021-10-13', ''),
(135, 'J.1.A063.1063', '1277016706820003', '1', '2021-10-13', ''),
(136, 'J.1.A023.1023', '1277016706820003', '1', '2021-10-13', ''),
(137, 'J.1.A108.1108', '1277016706820003', '1', '2021-10-13', ''),
(138, 'J.1.A080.1080', '1277027101790006', '1', '2021-09-28', ''),
(139, 'J.1.B082.2082', '1277016706820003', '1', '2021-10-13', ''),
(140, 'J.1.B084.2084', '1277016706820003', '1', '2021-10-13', ''),
(141, 'J.1.A142.1142', '1277051708970001', '2', '2021-10-25', ''),
(142, 'J.1.A142.1142', '1213020804820001', '1', '2021-10-25', ''),
(143, 'J.1.A111.1111', '1277051708970001', '1', '2021-10-25', ''),
(144, 'J.1.A072.1072', '1277023101800003', '1', '2021-10-25', ''),
(145, 'J.1.A106.1106', '1277012709960004', '1', '2021-10-25', ''),
(146, 'J.1.A001.1001', '1277023101800003', '05', '2021-10-25', ''),
(147, 'J.1.A106.1106', '1277023101800003', '2', '2021-10-25', ''),
(148, 'J.1.A043.1043', '1277050208870003', '1', '2021-10-27', ''),
(149, 'J.1.A080.1080', '1277050208870003', '1', '2021-10-27', ''),
(150, 'J.1.A117.1117', '1277016706820003', '1', '2021-10-27', ''),
(151, 'J.1.A111.1111', '1277025205960001', '1', '2021-11-01', ''),
(152, 'J.1.A040.1040', '1277025205960001', '1', '2021-11-01', ''),
(153, 'J.1.A111.1111', '1277050208870003', '1', '2021-10-25', ''),
(154, 'J.1.A040.1040', '1277050208870003', '1', '2021-10-25', ''),
(155, 'J.1.A042.1042', '1277023101800003', '1', '2021-11-02', ''),
(156, 'J.1.A142.1142', '1277023101800003', '2', '2021-11-02', ''),
(157, 'J.1.A073.1073', '1277027101790006', '1', '2021-11-03', ''),
(158, 'J.1.A120.1120', '1277027101790006', '1', '2021-11-03', ''),
(159, 'J.1.A080.1080', '1277027101790006', '1', '2021-11-03', ''),
(160, 'J.1.A142.1142', '1277012709960004', '1', '2021-11-03', ''),
(161, 'J.1.A142.1142', '1407055209960004', '1', '2021-11-03', ''),
(162, 'J.1.B022.2022', '1277012709960004', '2', '2021-11-03', ''),
(163, 'J.1.A073.1073', '1213020804820001', '1', '2021-11-04', ''),
(164, 'J.1.A072.1072', '1277052010750001', '1', '2021-11-08', ''),
(165, 'J.1.A041.1041', '1277027101790006', '1', '2021-11-08', ''),
(166, 'J.1.A063.1063', '1277016706820003', '2', '2021-11-10', ''),
(167, 'J.1.A089.1089', '1220041505592000', '2', '2021-11-11', ''),
(168, 'J.1.B024.2024', '1213020804820001', '1', '2021-11-01', ''),
(169, 'J.1.B025.2025', '1277027101790006', '1', '2021-10-29', ''),
(170, 'J.1.A140.1140', '1213020804820001', '40', '2021-11-12', ''),
(171, 'J.1.A080.1080', '1277012709960004', '1', '2021-12-01', ''),
(172, 'J.1.A047.1047', '1277012709960004', '1', '2021-12-01', ''),
(173, 'J.1.A142.1142', '1277025205960001', '2', '2021-12-03', ''),
(174, 'J.1.A104.1104', '1277025205960001', '1', '2021-12-03', ''),
(175, 'J.1.A065.1065', '1277025205960001', '1', '2021-12-03', ''),
(176, 'J.1.A029.1029', '1213063001193000', '1', '2021-12-03', ''),
(177, 'J.1.A031.1031', '1213063001193000', '1', '2021-12-03', ''),
(178, 'J.1.A072.1072', '1277023101800003', '1', '2021-12-03', ''),
(179, 'J.1.A142.1142', '1277023101800003', '2', '2021-12-03', ''),
(180, 'J.1.A089.1089', '1277023101800003', '1', '2021-12-03', ''),
(181, 'J.1.A073.1073', '1277023101800003', '1', '2021-12-03', ''),
(182, 'J.1.A072.1072', '1277050208870003', '1', '2021-12-09', ''),
(183, 'J.1.A080.1080', '1277027101790006', '1', '2021-12-30', ''),
(184, 'J.1.A072.1072', '1277050208870003', '1', '2022-01-17', ''),
(185, 'J.1.A059.1059', '1213020804820001', '6', '2022-01-18', ''),
(186, 'J.1.B027.2027', '1213020804820001', '1', '2022-01-17', ''),
(188, 'J.1.A109.1109', '1277025205960001', '30', '2022-01-20', ''),
(189, 'J.1.A109.1109', '1277027101790006', '24', '2022-01-14', ''),
(190, 'J.1.B007.2007', '1213063001193000', '1', '2022-01-21', ''),
(191, 'J.1.B007.2007', '1271094610950001', '1', '2022-01-21', ''),
(192, 'J.1.A001.1001', '1277050208870003', '6', '2022-01-21', ''),
(193, 'J.1.A142.1142', '1277050208870003', '2', '2022-01-21', ''),
(195, 'J.1.A029.1029', '1277050208870003', '2', '2022-01-21', ''),
(196, 'J.1.A106.1106', '1213020804820001', '2', '2022-01-21', ''),
(197, 'J.1.A106.1106', '1271094610950001', '2', '2022-01-21', ''),
(198, 'J.1.A106.1106', '1277050208870003', '1', '2022-01-21', ''),
(199, 'J.1.A106.1106', '1277051708970001', '1', '2022-01-21', ''),
(200, 'J.1.A106.1106', '1277016706820003', '1', '2022-01-21', ''),
(201, 'J.1.A042.1042', '1277050208870003', '1', '2022-01-21', ''),
(202, 'J.1.A043.1043', '1277050208870003', '1', '2022-01-21', ''),
(203, 'J.1.A040.1040', '1277050208870003', '1', '2022-02-03', ''),
(204, 'J.1.A061.1061', '1277050208870003', '1', '2022-02-03', ''),
(205, 'J.1.A057.1057', '1271094610950001', '1', '2022-02-03', ''),
(206, 'J.1.B001.2001', '1271094610950001', '1', '2022-02-03', ''),
(207, 'J.1.A142.1142', '1213020804820001', '1', '2022-02-03', ''),
(208, 'J.1.A091.1091', '1277050208870003', '1', '2022-02-14', ''),
(209, 'J.1.A146.1147', '1277052010750001', '1', '2022-02-02', ''),
(210, 'J.1.A146.1147', '1277050208870003', '1', '2022-02-02', ''),
(211, 'J.1.A146.1147', '1213020804820001', '1', '2022-02-14', ''),
(212, 'J.1.A086.1086', '1277025205960001', '1', '2022-02-17', ''),
(213, 'J.1.A109.1109', '1277025205960001', '4', '2022-02-17', ''),
(214, 'J.1.A086.1086', '1277023101800003', '1', '2022-02-17', ''),
(215, 'J.1.A087.1087', '1277023101800003', '1', '2022-02-17', ''),
(216, 'J.1.A080.1080', '1277023101800003', '1', '2022-02-17', ''),
(217, 'J.1.A142.1142', '1277023101800003', '2', '2022-02-17', ''),
(218, 'J.1.A090.1090', '1277023101800003', '1', '2022-02-17', ''),
(219, 'J.1.A043.1043', '1277023101800003', '1', '2022-02-17', ''),
(220, 'J.1.A122.1122', '1277023101800003', '1', '2022-02-17', ''),
(221, 'J.1.A099.1099', '1277023101800003', '1', '2022-02-17', ''),
(222, 'J.1.A009.1009', '1277025205960001', '13', '2022-03-02', ''),
(223, 'J.1.A080.1080', '1277027101790006', '1', '2022-03-02', ''),
(224, 'J.1.A072.1072', '1271094610950001', '1', '2022-03-02', ''),
(225, 'J.1.A142.1142', '1271094610950001', '5', '2022-03-02', ''),
(226, 'J.1.A021.1021', '1271094610950001', '1', '2022-03-02', ''),
(227, 'J.1.A142.1142', '1213035006960003', '2', '2022-03-02', ''),
(228, 'J.1.A047.1047', '1271094610950001', '1', '2022-03-02', ''),
(229, 'J.1.A072.1072', '1277050208870003', '1', '2022-03-07', ''),
(230, 'J.1.A099.1099', '1277050208870003', '1', '2022-03-07', ''),
(231, 'J.1.A106.1106', '1277050208870003', '1', '2022-03-07', ''),
(232, 'J.1.A038.1038', '1277050208870003', '1', '2022-03-08', ''),
(233, 'J.1.A080.1080', '1277050208870003', '1', '2022-03-17', ''),
(234, 'J.1.A073.1073', '1277023101800003', '1', '2022-03-17', ''),
(235, 'J.1.A072.1072', '1277023101800003', '1', '2022-03-17', ''),
(236, 'J.1.A026.1026', '1277052010750001', '2', '2022-03-17', ''),
(237, 'J.1.A015.1015', '1277023101800003', '1', '2022-03-17', ''),
(238, 'J.1.A034.1034', '1277023101800003', '1', '2022-03-17', ''),
(240, 'J.1.A146.1148', '1277050208870003', '1', '2022-03-25', ''),
(241, 'J.1.A111.1111', '1277050208870003', '1', '2022-03-23', ''),
(242, 'J.1.A146.1147', '1277050208870003', '1', '2022-03-23', ''),
(243, 'J.1.A072.1072', '1277052010750001', '1', '2022-03-23', ''),
(244, 'J.1.A135.1135', '1277050208870003', '1', '2022-03-23', ''),
(245, 'J.1.A082.1082', '1277023101800003', '1', '2022-03-17', ''),
(246, 'J.1.A093.1093', '1277027101790006', '4', '2022-04-12', ''),
(247, 'J.1.A072.1072', '1277027101790006', '1', '2022-04-11', ''),
(248, 'J.1.A026.1026', '1213063001193000', '8', '2022-04-11', ''),
(249, 'J.1.A053.1053', '1277052010750001', '1', '2022-04-12', ''),
(250, 'J.1.A072.1072', '1277050208870003', '1', '2022-04-21', ''),
(251, 'J.1.A053.1053', '1277050208870003', '1', '2022-04-21', ''),
(252, 'J.1.A146.1149', '1277050208870003', '8', '2022-04-20', ''),
(253, 'J.1.A072.1072', '1277050208870003', '1', '2022-05-20', ''),
(254, 'J.1.A146.1149', '1277050208870003', '8', '2022-05-20', ''),
(255, 'J.1.A079.1079', '1220041505592000', '1', '2022-05-20', ''),
(256, 'J.1.A026.1026', '1277052010750001', '1', '2022-05-27', ''),
(257, 'J.1.A021.1021', '1277052010750001', '1', '2022-06-02', ''),
(258, 'J.1.A063.1063', '1277016706820003', '1', '2022-06-02', ''),
(259, 'J.1.A089.1089', '1277016706820003', '1', '2022-06-02', ''),
(260, 'J.1.A072.1072', '1277027101790006', '1', '2022-06-02', ''),
(261, 'J.1.A042.1042', '1277023101800003', '1', '2022-06-02', ''),
(262, 'J.1.A043.1043', '1277023101800003', '1', '2022-06-02', ''),
(263, 'J.1.A027.1027', '1277023101800003', '2', '2022-06-02', ''),
(264, 'J.1.A026.1026', '1277027101790006', '8', '2022-06-07', ''),
(265, 'J.1.A017.1017', '1213063001193000', '1', '2022-06-07', ''),
(266, 'J.1.A026.1026', '1277023101800003', '1', '2022-06-07', ''),
(267, 'J.1.A027.1027', '1277027101790006', '2', '2022-06-07', ''),
(268, 'J.1.B085.2100', '1277010308960003', '1', '2022-06-14', ''),
(269, 'J.1.B085.2100', '1277015701980003', '1', '2022-06-14', ''),
(270, 'J.1.B085.2100', '1277011810930003', '1', '2022-06-14', ''),
(271, 'J.1.B085.2100', '1272034503940002', '1', '2022-06-14', ''),
(272, 'J.1.B085.2100', '1272034503940002', '1', '2022-06-14', ''),
(273, 'J.1.A138.1138', '1277015701980003', '1', '2022-06-14', ''),
(274, 'J.1.A138.1138', '1277011810930003', '1', '2022-06-14', ''),
(275, 'J.1.A104.1104', '1277015701980003', '1', '2022-06-14', ''),
(276, 'J.1.A081.1081', '1277027101790006', '1', '2022-06-14', ''),
(277, 'J.1.A104.1104', '1277011810930003', '1', '2022-06-14', ''),
(278, 'J.1.A104.1104', '1272034503940002', '1', '2022-06-14', ''),
(279, 'J.1.A080.1080', '1213035006960003', '1', '2022-06-14', ''),
(280, 'J.1.A136.1136', '1277027101790006', '3', '2022-06-14', ''),
(281, 'J.1.A080.1080', '1277027101790006', '1', '2022-06-14', ''),
(282, 'J.1.A122.1122', '1277027101790006', '1', '2022-06-14', ''),
(283, 'J.1.A079.1079', '1277051708970001', '1 ', '2022-06-20', ''),
(284, 'J.1.A075.1075', '1277051708970001', '1', '2022-06-20', ''),
(285, 'J.1.A001.1001', '1277016706820003', '1', '2022-06-22', ''),
(286, 'J.1.A063.1063', '1277016706820003', '2', '2022-06-22', ''),
(287, 'J.1.B085.2100', '1277016706820003', '1', '2022-06-22', ''),
(288, 'J.1.A089.1089', '1213063001193000', '1', '2022-06-22', ''),
(289, 'J.1.A053.1053', '1213063001193000', '1', '2022-06-22', ''),
(290, 'J.1.B015.2015', '1213063001193000', '1', '2022-06-22', ''),
(291, 'J.1.A089.1089', '1277051708970001', '1', '2022-06-22', ''),
(292, 'J.1.B085.2100', '1277051708970001', '1', '2022-06-22', ''),
(293, 'J.1.B015.2015', '1277051708970001', '1', '2022-06-22', ''),
(294, 'J.1.A053.1053', '1277051708970001', '1', '2022-06-22', ''),
(295, 'J.1.A012.1012', '1277051708970001', '1', '2022-06-22', ''),
(296, 'J.1.B028.2028', '1277051708970001', '1', '2022-06-22', ''),
(297, 'J.1.A089.1089', '1213035006960003', '1', '2022-06-22', ''),
(298, 'J.1.B015.2015', '1213035006960003', '1', '2022-06-22', ''),
(299, 'J.1.A054.1054', '1213035006960003', '1', '2022-06-22', ''),
(300, 'J.1.A089.1089', '1220041505592000', '1', '2022-06-22', ''),
(301, 'J.1.A063.1063', '1220041505592000', '1', '2022-06-22', ''),
(302, 'J.1.A063.1063', '1277051708970001', '1', '2022-06-22', ''),
(303, 'J.1.A079.1079', '1213063001193000', '1', '2022-06-22', ''),
(304, 'J.1.B020.2020', '1213063001193000', '1', '2021-05-04', '');

-- --------------------------------------------------------

--
-- Table structure for table `barang_masuk`
--

CREATE TABLE `barang_masuk` (
  `id_bm` int(11) NOT NULL,
  `barang_kode` varchar(128) NOT NULL,
  `jumlah` varchar(11) NOT NULL,
  `bagus` varchar(11) NOT NULL,
  `rusak` varchar(11) NOT NULL,
  `tanggal_masuk` date NOT NULL
) ENGINE=InnoDB DEFAULT CHARSET=utf8mb4;

--
-- Dumping data for table `barang_masuk`
--

INSERT INTO `barang_masuk` (`id_bm`, `barang_kode`, `jumlah`, `bagus`, `rusak`, `tanggal_masuk`) VALUES
(1, 'J.1.A001.1001', '4300', '4300', '0', '2021-05-19'),
(2, 'J.1.A002.1002', '200', '200', '0', '2021-05-19'),
(3, 'J.1.A003.1003', '100', '100', '0', '2021-05-19'),
(4, 'J.1.A004.1004', '100', '100', '0', '2021-05-19'),
(5, 'J.1.A005.1005', '1400', '1400', '0', '2021-05-19'),
(6, 'J.1.A006.1006', '50', '50', '0', '2021-05-19'),
(7, 'J.1.A007.1007', '100', '100', '0', '2021-05-19'),
(8, 'J.1.A008.1008', '200', '200', '0', '2021-05-19'),
(9, 'J.1.A009.1009', '1', '1', '0', '2021-05-19'),
(10, 'J.1.A010.1010', '37', '37', '0', '2021-05-19'),
(11, 'J.1.A011.1011', '6', '6', '0', '2021-05-19'),
(12, 'J.1.A012.1012', '6', '6', '0', '2021-05-19'),
(13, 'J.1.A013.1013', '5', '5', '0', '2021-05-19'),
(14, 'J.1.A014.1014', '3', '3', '0', '2021-05-19'),
(15, 'J.1.A015.1015', '3', '3', '0', '2021-05-19'),
(16, 'J.1.A016.1016', '10', '10', '0', '2021-05-19'),
(17, 'J.1.A017.1017', '3', '3', '0', '2021-05-19'),
(18, 'J.1.A018.1018', '1', '1', '0', '2021-05-19'),
(19, 'J.1.A019.1019', '36', '36', '0', '2021-05-19'),
(20, 'J.1.A020.1020', '86', '86', '0', '2021-05-19'),
(21, 'J.1.A021.1021', '23', '23', '0', '2021-05-19'),
(22, 'J.1.A022.1022', '12', '12', '0', '2021-05-19'),
(23, 'J.1.A023.1023', '15', '15', '0', '2021-05-19'),
(24, 'J.1.A024.1024', '6', '6', '0', '2021-05-19'),
(25, 'J.1.A025.1025', '3', '3', '0', '2021-05-19'),
(26, 'J.1.A026.1026', '11', '11', '0', '2021-05-19'),
(27, 'J.1.A027.1027', '35', '35', '0', '2021-05-19'),
(28, 'J.1.A028.1028', '2', '2', '0', '2021-05-19'),
(29, 'J.1.A029.1029', '10', '10', '0', '2021-05-19'),
(30, 'J.1.A030.1030', '64', '64', '0', '2021-05-19'),
(31, 'J.1.A031.1031', '35', '35', '0', '2021-05-19'),
(32, 'J.1.A032.1032', '33', '33', '0', '2021-05-19'),
(33, 'J.1.A033.1033', '155', '155', '0', '2021-05-19'),
(34, 'J.1.A034.1034', '10', '10', '0', '2021-05-19'),
(35, 'J.1.A035.1035', '69', '69', '0', '2021-05-19'),
(36, 'J.1.A036.1036', '16', '16', '0', '2021-05-19'),
(37, 'J.1.A037.1037', '1', '1', '0', '2021-05-19'),
(38, 'J.1.A038.1038', '3', '3', '0', '2021-05-19'),
(39, 'J.1.A039.1039', '1', '1', '0', '2021-05-19'),
(40, 'J.1.A040.1040', '11', '11', '0', '2021-05-19'),
(41, 'J.1.A041.1041', '7', '7', '0', '2021-05-19'),
(42, 'J.1.A042.1042', '10', '10', '0', '2021-05-19'),
(43, 'J.1.A043.1043', '8', '8', '0', '2021-05-19'),
(44, 'J.1.A044.1044', '1', '1', '0', '2021-05-19'),
(45, 'J.1.A045.1045', '3', '3', '0', '2021-05-19'),
(46, 'J.1.A046.1046', '18', '18', '0', '2021-05-19'),
(47, 'J.1.A047.1047', '4', '4', '0', '2021-05-19'),
(48, 'J.1.A048.1048', '3', '3', '0', '2021-05-19'),
(49, 'J.1.A049.1049', '8', '8', '0', '2021-05-19'),
(50, 'J.1.A050.1050', '4', '4', '0', '2021-05-19'),
(51, 'J.1.A051.1051', '8', '8', '0', '2021-05-19'),
(52, 'J.1.A052.1052', '9', '9', '0', '2021-05-19'),
(53, 'J.1.A053.1053', '18', '18', '0', '2021-05-19'),
(54, 'J.1.A054.1054', '12', '12', '0', '2021-05-19'),
(55, 'J.1.A055.1055', '17', '17', '0', '2021-05-19'),
(56, 'J.1.A056.1056', '6', '6', '0', '2021-05-19'),
(57, 'J.1.A057.1057', '2', '2', '0', '2021-05-19'),
(58, 'J.1.A058.1058', '100', '100', '0', '2021-05-19'),
(59, 'J.1.A059.1059', '10', '10', '0', '2021-05-19'),
(60, 'J.1.A060.1060', '4', '4', '0', '2021-05-19'),
(61, 'J.1.A061.1061', '3', '3', '0', '2021-05-19'),
(62, 'J.1.A062.1062', '3', '3', '0', '2021-05-19'),
(63, 'J.1.A063.1063', '17', '17', '0', '2021-05-19'),
(64, 'J.1.A064.1064', '20', '20', '0', '2021-05-19'),
(65, 'J.1.A065.1065', '6', '6', '0', '2021-05-19'),
(66, 'J.1.A066.1066', '4', '4', '0', '2021-05-19'),
(67, 'J.1.A067.1067', '84', '84', '0', '2021-05-19'),
(68, 'J.1.A068.1068', '2', '2', '0', '2021-05-19'),
(69, 'J.1.A069.1069', '2', '2', '0', '2021-05-19'),
(70, 'J.1.A070.1070', '11', '11', '0', '2021-05-19'),
(71, 'J.1.A071.1071', '7', '7', '0', '2021-05-19'),
(72, 'J.1.A072.1072', '16', '16', '0', '2021-05-19'),
(73, 'J.1.A073.1073', '9', '9', '0', '2021-05-19'),
(74, 'J.1.A074.1074', '1', '1', '0', '2021-05-19'),
(75, 'J.1.A075.1075', '30', '30', '0', '2021-05-19'),
(76, 'J.1.A076.1076', '55', '55', '0', '2021-05-19'),
(77, 'J.1.A077.1077', '60', '60', '0', '2021-05-19'),
(78, 'J.1.A078.1078', '100', '100', '0', '2021-05-19'),
(79, 'J.1.A079.1079', '15', '15', '0', '2021-05-19'),
(80, 'J.1.A080.1080', '2', '2', '0', '2021-05-19'),
(81, 'J.1.A081.1081', '1', '0.5', '0', '2021-05-19'),
(82, 'J.1.A082.1082', '1', '0.5', '0', '2021-05-19'),
(83, 'J.1.A083.1083', '13', '13', '0', '2021-05-19'),
(84, 'J.1.A084.1084', '22', '22', '0', '2021-05-19'),
(85, 'J.1.A085.1085', '1', '1', '0', '2021-05-19'),
(86, 'J.1.A086.1086', '39', '39', '0', '2021-05-19'),
(87, 'J.1.A087.1087', '34', '34', '0', '2021-05-19'),
(88, 'J.1.A088.1088', '17', '17', '0', '2021-05-19'),
(89, 'J.1.A089.1089', '10', '10', '0', '2021-05-19'),
(90, 'J.1.A090.1090', '3', '3', '0', '2021-05-19'),
(91, 'J.1.A091.1091', '46', '46', '0', '2021-05-19'),
(92, 'J.1.A092.1092', '1', '1', '0', '2021-05-19'),
(93, 'J.1.A093.1093', '6', '6', '0', '2021-05-19'),
(94, 'J.1.A094.1094', '19', '19', '0', '2021-05-19'),
(95, 'J.1.A095.1095', '14', '14', '0', '2021-05-19'),
(96, 'J.1.A096.1096', '10', '10', '0', '2021-05-19'),
(97, 'J.1.A097.1097', '11', '11', '0', '2021-05-19'),
(98, 'J.1.A098.1098', '70', '70', '0', '2021-05-19'),
(99, 'J.1.A099.1099', '15', '15', '0', '2021-05-19'),
(100, 'J.1.A100.1100', '4', '4', '0', '2021-05-19'),
(101, 'J.1.A101.1101', '1', '1', '0', '2021-05-19'),
(102, 'J.1.A102.1102', '3', '3', '0', '2021-05-19'),
(103, 'J.1.A103.1103', '7', '7', '0', '2021-05-19'),
(104, 'J.1.A104.1104', '43', '43', '0', '2021-05-19'),
(105, 'J.1.A105.1105', '7', '7', '0', '2021-05-19'),
(106, 'J.1.A106.1106', '9', '9', '0', '2021-05-19'),
(107, 'J.1.A107.1107', '12', '12', '0', '2021-05-19'),
(108, 'J.1.A108.1108', '16', '16', '0', '2021-05-19'),
(109, 'J.1.A109.1109', '72', '72', '0', '2021-05-19'),
(110, 'J.1.A110.1110', '4', '4', '0', '2021-05-19'),
(111, 'J.1.A111.1111', '17', '17', '0', '2021-05-19'),
(112, 'J.1.A112.1112', '1', '1', '0', '2021-05-19'),
(113, 'J.1.A113.1113', '3', '3', '0', '2021-05-19'),
(114, 'J.1.A114.1114', '1', '1', '0', '2021-05-19'),
(115, 'J.1.A115.1115', '4', '4', '0', '2021-05-19'),
(116, 'J.1.A116.1116', '4', '4', '0', '2021-05-19'),
(117, 'J.1.A117.1117', '55', '55', '0', '2021-05-19'),
(118, 'J.1.A118.1118', '89', '89', '0', '2021-05-19'),
(119, 'J.1.A119.1119', '4', '4', '0', '2021-05-19'),
(120, 'J.1.A120.1120', '7', '7', '0', '2021-05-19'),
(121, 'J.1.A121.1121', '4', '4', '0', '2021-05-19'),
(122, 'J.1.A122.1122', '4', '4', '0', '2021-05-19'),
(123, 'J.1.A123.1123', '4', '4', '0', '2021-05-19'),
(124, 'J.1.A124.1124', '1', '1', '0', '2021-05-19'),
(125, 'J.1.A125.1125', '4', '4', '0', '2021-05-19'),
(126, 'J.1.A126.1126', '1', '1', '0', '2021-05-19'),
(127, 'J.1.A127.1127', '3', '3', '0', '2021-05-19'),
(128, 'J.1.A128.1128', '3', '3', '0', '2021-05-19'),
(129, 'J.1.A129.1129', '2', '2', '0', '2021-05-19'),
(130, 'J.1.A130.1130', '2', '2', '0', '2021-05-19'),
(131, 'J.1.A131.1131', '4', '4', '0', '2021-05-19'),
(132, 'J.1.A132.1132', '3', '3', '0', '2021-05-19'),
(133, 'J.1.A133.1133', '4', '4', '0', '2021-05-19'),
(134, 'J.1.A134.1134', '4', '4', '0', '2021-05-19'),
(135, 'J.1.A135.1135', '12', '12', '0', '2021-05-19'),
(136, 'J.1.A136.1136', '33', '33', '0', '2021-05-19'),
(137, 'J.1.A137.1137', '1', '1', '0', '2021-05-19'),
(138, 'J.1.A138.1138', '7', '7', '0', '2021-05-19'),
(139, 'J.1.A139.1139', '1', '1', '0', '2021-05-19'),
(140, 'J.1.B001.2001', '1', '1', '0', '2021-05-19'),
(141, 'J.1.B002.2002', '5', '5', '0', '2021-05-19'),
(142, 'J.1.B003.2003', '4', '4', '0', '2021-05-19'),
(143, 'J.1.B004.2004', '4', '4', '0', '2021-05-19'),
(144, 'J.1.B005.2005', '10', '10', '0', '2021-05-19'),
(145, 'J.1.B006.2006', '1', '1', '0', '2021-05-19'),
(146, 'J.1.B007.2007', '3', '3', '0', '2021-05-19'),
(147, 'J.1.B008.2008', '1', '1', '0', '2021-05-19'),
(148, 'J.1.B009.2009', '3', '3', '0', '2021-05-19'),
(149, 'J.1.B010.2010', '1', '1', '0', '2021-05-19'),
(150, 'J.1.B011.2011', '4', '4', '0', '2021-05-19'),
(151, 'J.1.B012.2012', '2', '2', '0', '2021-05-19'),
(152, 'J.1.B013.2013', '5', '5', '0', '2021-05-19'),
(153, 'J.1.B014.2014', '6', '6', '0', '2021-05-19'),
(154, 'J.1.B015.2015', '14', '14', '0', '2021-05-19'),
(155, 'J.1.B016.2016', '2', '2', '0', '2021-05-19'),
(156, 'J.1.B017.2017', '12', '12', '0', '2021-05-19'),
(157, 'J.1.B018.2018', '13', '13', '0', '2021-05-19'),
(158, 'J.1.B019.2019', '3', '3', '0', '2021-05-19'),
(159, 'J.1.B020.2020', '2', '2', '0', '2021-05-19'),
(160, 'J.1.B021.2021', '1', '1', '0', '2021-05-19'),
(161, 'J.1.B022.2022', '12', '12', '0', '2021-05-19'),
(162, 'J.1.B023.2023', '4', '4', '0', '2021-05-19'),
(163, 'J.1.B024.2024', '1', '2.5', '0', '2021-05-19'),
(164, 'J.1.B025.2025', '1', '1', '0', '2021-05-19'),
(165, 'J.1.B026.2026', '3', '3', '0', '2021-05-19'),
(166, 'J.1.B027.2027', '8', '8', '0', '2021-05-19'),
(167, 'J.1.B028.2028', '3', '3', '0', '2021-05-19'),
(168, 'J.1.B029.2029', '1', '1', '0', '2021-05-19'),
(169, 'J.1.B030.2030', '2', '2', '0', '2021-05-19'),
(170, 'J.1.B031.2031', '1', '1', '0', '2021-05-19'),
(171, 'J.1.B032.2032', '2', '2', '0', '2021-05-19'),
(172, 'J.1.B033.2033', '1', '1', '0', '2021-05-19'),
(173, 'J.1.B034.2034', '4', '4', '0', '2021-05-19'),
(174, 'J.1.B035.2035', '17', '17', '0', '2021-05-19'),
(175, 'J.1.B036.2036', '1', '1', '0', '2021-05-19'),
(176, 'J.1.B037.2037', '550', '550', '0', '2021-05-19'),
(177, 'J.1.B038.2038', '2', '2', '0', '2021-05-19'),
(178, 'J.1.B039.2039', '1', '1', '0', '2021-05-19'),
(179, 'J.1.B040.2040', '9', '9', '0', '2021-05-19'),
(180, 'J.1.B041.2041', '1', '1', '0', '2021-05-19'),
(181, 'J.1.B042.2042', '2', '2', '0', '2021-05-19'),
(182, 'J.1.B043.2043', '7', '7', '0', '2021-05-19'),
(183, 'J.1.B044.2044', '1', '1', '0', '2021-05-19'),
(184, 'J.1.B045.2045', '7', '7', '0', '2021-05-19'),
(185, 'J.1.B046.2046', '1', '1', '0', '2021-05-19'),
(186, 'J.1.B047.2047', '1', '1', '0', '2021-05-19'),
(187, 'J.1.A140.1140', '100', '100', '0', '2021-05-31'),
(188, 'J.1.B048.2048', '2', '1', '1', '2021-09-30'),
(189, 'J.1.B049.2049', '14', '14', '0', '2021-09-30'),
(190, 'J.1.B050.2050', '1', '0', '1', '2021-09-30'),
(191, 'J.1.B051.2051', '2', '2', '0', '2021-09-30'),
(192, 'J.1.B052.2052', '1', '1', '0', '2021-09-30'),
(193, 'J.1.B053.2053', '4', '4', '0', '2021-09-30'),
(194, 'J.1.B054.2054', '5', '5', '0', '2021-09-30'),
(195, 'J.1.B055.2055', '1', '1', '0', '2021-09-30'),
(196, 'J.1.B056.2056', '16', '16', '0', '2021-09-30'),
(197, 'J.1.B057.2057', '3', '3', '0', '2021-09-30'),
(198, 'J.1.B058.2058', '4', '4', '0', '2021-09-30'),
(199, 'J.1.B059.2059', '23', '23', '0', '2021-09-30'),
(200, 'J.1.B060.2060', '1', '1', '0', '2021-09-30'),
(201, 'J.1.B061.2061', '4', '4', '0', '2021-09-30'),
(202, 'J.1.B062.2062', '1', '1', '0', '2021-09-30'),
(203, 'J.1.B063.2063', '2', '1', '1', '2021-09-30'),
(204, 'J.1.B064.2064', '12', '12', '0', '2021-09-30'),
(205, 'J.1.B065.2065', '1', '1', '0', '2021-09-30'),
(206, 'J.1.B066.2066', '2', '2', '0', '2021-09-30'),
(207, 'J.1.B067.2067', '1', '1', '0', '2021-09-30'),
(208, 'J.1.B068.2068', '1', '1', '0', '2021-09-30'),
(209, 'J.1.B069.2069', '2', '2', '0', '2021-09-30'),
(210, 'J.1.B070.2070', '2', '2', '0', '2021-09-30'),
(211, 'J.1.B071.2071', '1', '1', '0', '2021-09-30'),
(212, 'J.1.B072.2072', '3', '3', '0', '2021-09-30'),
(213, 'J.1.B073.2073', '3', '3', '0', '2021-09-30'),
(214, 'J.1.B074.2074', '1', '1', '0', '2021-09-30'),
(215, 'J.1.B075.2075', '13', '12', '1', '2021-09-30'),
(216, 'J.1.B076.2076', '1', '1', '0', '2021-09-30'),
(217, 'J.1.B077.2077', '5', '4', '1', '2021-09-30'),
(218, 'J.1.B078.2078', '2', '2', '0', '2021-09-30'),
(219, 'J.1.B079.2079', '2', '1', '1', '2021-09-30'),
(220, 'J.1.B080.2080', '3', '3', '0', '2021-09-30'),
(221, 'J.1.B081.2081', '4', '4', '0', '2021-09-30'),
(222, 'J.1.B081.2082', '3', '3', '0', '2021-10-04'),
(223, 'J.1.B081.2083', '1', '1', '0', '2021-10-04'),
(224, 'J.1.B081.2084', '1', '1', '0', '2021-10-04'),
(225, 'J.1.B081.2085', '1', '1', '0', '2021-10-04'),
(226, 'J.1.A080.1080', '6', '6', '0', '2021-09-28'),
(227, 'J.1.A089.1089', '6', '6', '0', '2021-09-28'),
(228, 'J.1.A141.1141', '1', '1', '0', '2021-09-28'),
(229, 'J.1.A106.1106', '10', '10', '0', '2021-09-28'),
(230, 'J.1.A142.1142', '24', '24', '0', '2021-09-28'),
(231, 'J.1.A143.1143', '12', '12', '0', '2021-09-28'),
(232, 'J.1.A042.1042', '3', '3', '0', '2021-09-28'),
(233, 'J.1.A043.1043', '3', '3', '0', '2021-09-28'),
(234, 'J.1.B019.2019', '2', '2', '0', '2021-09-28'),
(235, 'J.1.A063.1063', '12', '12', '0', '2021-09-28'),
(236, 'J.1.A042.1042', '3', '3', '0', '2021-09-28'),
(237, 'J.1.A043.1043', '3', '3', '0', '2021-09-28'),
(238, 'J.1.A124.1124', '1', '1', '0', '2021-09-28'),
(239, 'J.1.A144.1144', '2', '2', '0', '2021-09-28'),
(240, 'J.1.A145.1145', '2', '2', '0', '2021-09-28'),
(241, 'J.1.A146.1146', '2', '2', '0', '2021-09-28'),
(242, 'J.1.B082.2082', '4', '4', '0', '2021-09-28'),
(243, 'J.1.B030.2030', '3', '3', '0', '2021-09-28'),
(244, 'J.1.A026.1026', '10', '10', '0', '2021-10-07'),
(245, 'J.1.A079.1079', '6', '6', '0', '2021-09-28'),
(246, 'J.1.B084.2084', '1', '1', '0', '2021-10-13'),
(247, 'J.1.B085.2085', '1', '1', '0', '2021-11-03'),
(248, 'J.1.A072.1072', '10', '10', '0', '2021-11-08'),
(249, 'J.1.A073.1073', '9', '9', '0', '2021-12-03'),
(250, 'J.1.A073.1073', '1', '9', '0', '2021-12-14'),
(251, 'J.1.A053.1053', '4', '4', '0', '2021-12-14'),
(252, 'J.1.A049.1049', '6', '6', '0', '2021-12-14'),
(253, 'J.1.A047.1047', '3', '3', '0', '2021-12-14'),
(254, 'J.1.A080.1080', '5', '5', '0', '2021-12-14'),
(255, 'J.1.A026.1026', '10', '10', '0', '2021-12-14'),
(256, 'J.1.A027.1027', '10', '10', '0', '2021-12-14'),
(257, 'J.1.A072.1072', '5', '5', '0', '2021-12-14'),
(258, 'J.1.B085.2087', '18', '18', '0', '2021-12-15'),
(259, 'J.1.B085.2089', '6', '6', '0', '2021-12-15'),
(260, 'J.1.B085.2090', '12', '12', '0', '2021-12-15'),
(261, 'J.1.B085.2088', '12', '12', '0', '2021-12-15'),
(262, 'J.1.B085.2086', '1', '1', '0', '2021-12-15'),
(263, 'J.1.B085.2091', '6', '6', '0', '2021-12-15'),
(264, 'J.1.B085.2093', '1', '1', '0', '2021-12-15'),
(265, 'J.1.B085.2092', '1', '1', '0', '2021-12-15'),
(266, 'J.1.B085.2094', '12', '12', '0', '2021-12-15'),
(267, 'J.1.B085.2095', '2', '2', '0', '2021-12-15'),
(268, 'J.1.B085.2096', '6', '6', '0', '2022-01-13'),
(269, 'J.1.A073.1073', '6', '6', '0', '2022-01-13'),
(270, 'J.1.A081.1081', '4', '4', '0', '2022-01-13'),
(271, 'J.1.A146.1147', '12', '12', '0', '2022-02-01'),
(272, 'J.1.A009.1009', '40', '40', '40', '2022-03-02'),
(273, 'J.1.A146.1148', '6', '6', '0', '2022-03-25'),
(274, 'J.1.A082.1082', '1', '1', '0', '2022-03-16'),
(275, 'J.1.A093.1093', '6', '6', '0', '2022-04-03'),
(276, 'J.1.A146.1149', '12', '12', '0', '2022-04-01'),
(277, 'J.1.A080.1080', '6', '6', '0', '2022-05-23'),
(279, 'J.1.A042.1042', '3', '3', '0', '2022-05-23'),
(280, 'J.1.A106.1106', '6', '6', '0', '2022-05-23'),
(281, 'J.1.A124.1124', '2', '2', '0', '2022-05-23'),
(282, 'J.1.A126.1126', '2', '2', '0', '2022-05-23'),
(283, 'J.1.B085.2098', '2', '2', '0', '2022-05-23'),
(284, 'J.1.A043.1043', '3', '3', '0', '2022-05-23'),
(285, 'J.1.B085.2099', '24', '24', '0', '2022-05-23'),
(286, 'J.1.B085.2100', '48', '48', '0', '2022-05-23'),
(287, 'J.1.B085.2101', '2', '2', '0', '2022-05-23'),
(288, 'J.1.B085.2102', '12', '12', '0', '2022-05-23'),
(289, 'J.1.B085.2104', '5', '5', '0', '2022-05-23'),
(290, 'J.1.B085.2103', '5', '5', '0', '2022-05-23'),
(291, 'J.1.A146.1149', '12', '12', '0', '2022-05-16'),
(292, 'J.1.A146.1148', '6', '6', '0', '2022-05-23'),
(293, 'J.1.B085.2105', '1', '1', '0', '2022-05-31'),
(294, 'J.1.A053.1053', '10', '10', '0', '2022-05-31'),
(295, 'J.1.A026.1026', '10', '10', '0', '2022-06-06');

-- --------------------------------------------------------

--
-- Table structure for table `barang_tersedia`
--

CREATE TABLE `barang_tersedia` (
  `id_tersedia` int(11) NOT NULL,
  `barang_kode` varchar(128) NOT NULL,
  `jml_tersedia` varchar(128) NOT NULL,
  `jml_rusak` varchar(128) NOT NULL,
  `keterangan` text DEFAULT NULL
) ENGINE=InnoDB DEFAULT CHARSET=utf8mb4;

--
-- Dumping data for table `barang_tersedia`
--

INSERT INTO `barang_tersedia` (`id_tersedia`, `barang_kode`, `jml_tersedia`, `jml_rusak`, `keterangan`) VALUES
(1, 'J.1.A001.1001', '4288', '0', ''),
(2, 'J.1.A002.1002', '200', '0', ''),
(3, 'J.1.A003.1003', '100', '0', ''),
(4, 'J.1.A004.1004', '100', '0', ''),
(5, 'J.1.A005.1005', '1400', '0', ''),
(6, 'J.1.A006.1006', '50', '0', ''),
(7, 'J.1.A007.1007', '100', '0', ''),
(8, 'J.1.A008.1008', '200', '0', ''),
(9, 'J.1.A009.1009', '28', '40', ''),
(10, 'J.1.A010.1010', '37', '0', ''),
(11, 'J.1.A011.1011', '2', '0', ''),
(12, 'J.1.A012.1012', '5', '0', ''),
(13, 'J.1.A013.1013', '5', '0', ''),
(14, 'J.1.A014.1014', '3', '0', ''),
(15, 'J.1.A015.1015', '1', '0', ''),
(16, 'J.1.A016.1016', '10', '0', ''),
(17, 'J.1.A017.1017', '1', '0', ''),
(18, 'J.1.A018.1018', '1', '0', ''),
(19, 'J.1.A019.1019', '36', '0', ''),
(20, 'J.1.A020.1020', '86', '0', ''),
(21, 'J.1.A021.1021', '21', '0', ''),
(22, 'J.1.A022.1022', '11', '0', ''),
(23, 'J.1.A023.1023', '3', '0', ''),
(24, 'J.1.A024.1024', '6', '0', ''),
(25, 'J.1.A025.1025', '2', '0', ''),
(26, 'J.1.A026.1026', '10', '0', ''),
(27, 'J.1.A027.1027', '41', '0', ''),
(28, 'J.1.A028.1028', '1', '0', ''),
(29, 'J.1.A029.1029', '7', '0', ''),
(30, 'J.1.A030.1030', '63', '0', ''),
(31, 'J.1.A031.1031', '13', '0', ''),
(32, 'J.1.A032.1032', '33', '0', ''),
(33, 'J.1.A033.1033', '131', '0', ''),
(34, 'J.1.A034.1034', '9', '0', ''),
(35, 'J.1.A035.1035', '69', '0', ''),
(36, 'J.1.A036.1036', '16', '0', ''),
(37, 'J.1.A037.1037', '1', '0', ''),
(38, 'J.1.A038.1038', '2', '0', ''),
(39, 'J.1.A039.1039', '1', '0', ''),
(40, 'J.1.A040.1040', '8', '0', ''),
(41, 'J.1.A041.1041', '6', '0', ''),
(42, 'J.1.A042.1042', '12', '0', ''),
(43, 'J.1.A043.1043', '8', '0', ''),
(44, 'J.1.A044.1044', '1', '0', ''),
(45, 'J.1.A045.1045', '3', '0', ''),
(46, 'J.1.A046.1046', '18', '0', ''),
(47, 'J.1.A047.1047', '5', '0', ''),
(48, 'J.1.A048.1048', '3', '0', ''),
(49, 'J.1.A049.1049', '14', '0', ''),
(50, 'J.1.A050.1050', '4', '0', ''),
(51, 'J.1.A051.1051', '8', '0', ''),
(52, 'J.1.A052.1052', '9', '0', ''),
(53, 'J.1.A053.1053', '28', '0', ''),
(54, 'J.1.A054.1054', '9', '0', ''),
(55, 'J.1.A055.1055', '17', '0', ''),
(56, 'J.1.A056.1056', '6', '0', ''),
(57, 'J.1.A057.1057', '1', '0', ''),
(58, 'J.1.A058.1058', '100', '0', ''),
(59, 'J.1.A059.1059', '4', '0', ''),
(60, 'J.1.A060.1060', '4', '0', ''),
(61, 'J.1.A061.1061', '2', '0', ''),
(62, 'J.1.A062.1062', '3', '0', ''),
(63, 'J.1.A063.1063', '14', '0', ''),
(64, 'J.1.A064.1064', '20', '0', ''),
(65, 'J.1.A065.1065', '4', '0', ''),
(66, 'J.1.A066.1066', '4', '0', ''),
(67, 'J.1.A067.1067', '84', '0', ''),
(68, 'J.1.A068.1068', '2', '0', ''),
(69, 'J.1.A069.1069', '2', '0', ''),
(70, 'J.1.A070.1070', '11', '0', ''),
(71, 'J.1.A071.1071', '6', '0', ''),
(72, 'J.1.A072.1072', '3', '0', ''),
(73, 'J.1.A073.1073', '22', '0', ''),
(74, 'J.1.A074.1074', '1', '0', ''),
(75, 'J.1.A075.1075', '10', '0', ''),
(76, 'J.1.A076.1076', '55', '0', ''),
(77, 'J.1.A077.1077', '60', '0', ''),
(78, 'J.1.A078.1078', '100', '0', ''),
(79, 'J.1.A079.1079', '16', '0', ''),
(80, 'J.1.A080.1080', '7', '0', ''),
(81, 'J.1.A081.1081', '3', '0', ''),
(82, 'J.1.A082.1082', '0', '0', ''),
(83, 'J.1.A083.1083', '13', '0', ''),
(84, 'J.1.A084.1084', '22', '0', ''),
(85, 'J.1.A085.1085', '1', '0', ''),
(86, 'J.1.A086.1086', '36', '0', ''),
(87, 'J.1.A087.1087', '31', '0', ''),
(88, 'J.1.A088.1088', '15', '0', ''),
(89, 'J.1.A089.1089', '3', '0', ''),
(90, 'J.1.A090.1090', '0', '0', ''),
(91, 'J.1.A091.1091', '45', '0', ''),
(92, 'J.1.A092.1092', '1', '0', ''),
(93, 'J.1.A093.1093', '2', '0', ''),
(94, 'J.1.A094.1094', '19', '0', ''),
(95, 'J.1.A095.1095', '14', '0', ''),
(96, 'J.1.A096.1096', '10', '0', ''),
(97, 'J.1.A097.1097', '11', '0', ''),
(98, 'J.1.A098.1098', '70', '0', ''),
(99, 'J.1.A099.1099', '10', '0', ''),
(100, 'J.1.A100.1100', '4', '0', ''),
(101, 'J.1.A101.1101', '1', '0', ''),
(102, 'J.1.A102.1102', '3', '0', ''),
(103, 'J.1.A103.1103', '7', '0', ''),
(104, 'J.1.A104.1104', '39', '0', ''),
(105, 'J.1.A105.1105', '7', '0', ''),
(106, 'J.1.A106.1106', '14', '0', ''),
(107, 'J.1.A107.1107', '12', '0', ''),
(108, 'J.1.A108.1108', '15', '0', ''),
(109, 'J.1.A109.1109', '2', '0', ''),
(110, 'J.1.A110.1110', '1', '0', ''),
(111, 'J.1.A111.1111', '7', '0', ''),
(112, 'J.1.A112.1112', '1', '0', ''),
(113, 'J.1.A113.1113', '1', '0', ''),
(114, 'J.1.A114.1114', '1', '0', ''),
(115, 'J.1.A115.1115', '4', '0', ''),
(116, 'J.1.A116.1116', '3', '0', ''),
(117, 'J.1.A117.1117', '54', '0', ''),
(118, 'J.1.A118.1118', '89', '0', ''),
(119, 'J.1.A119.1119', '4', '0', ''),
(120, 'J.1.A120.1120', '1', '0', ''),
(121, 'J.1.A121.1121', '3', '0', ''),
(122, 'J.1.A122.1122', '1', '0', ''),
(123, 'J.1.A123.1123', '3', '0', ''),
(124, 'J.1.A124.1124', '4', '0', ''),
(125, 'J.1.A125.1125', '3', '0', ''),
(126, 'J.1.A126.1126', '3', '0', ''),
(127, 'J.1.A127.1127', '3', '0', ''),
(128, 'J.1.A128.1128', '3', '0', ''),
(129, 'J.1.A129.1129', '2', '0', ''),
(130, 'J.1.A130.1130', '2', '0', ''),
(131, 'J.1.A131.1131', '4', '0', ''),
(132, 'J.1.A132.1132', '3', '0', ''),
(133, 'J.1.A133.1133', '4', '0', ''),
(134, 'J.1.A134.1134', '4', '0', ''),
(135, 'J.1.A135.1135', '9', '0', ''),
(136, 'J.1.A136.1136', '30', '0', ''),
(137, 'J.1.A137.1137', '1', '0', ''),
(138, 'J.1.A138.1138', '5', '0', ''),
(139, 'J.1.A139.1139', '1', '0', ''),
(140, 'J.1.B001.2001', '0', '0', ''),
(141, 'J.1.B002.2002', '4', '0', ''),
(142, 'J.1.B003.2003', '2', '0', ''),
(143, 'J.1.B004.2004', '3', '0', ''),
(144, 'J.1.B005.2005', '6', '0', ''),
(145, 'J.1.B006.2006', '1', '0', ''),
(146, 'J.1.B007.2007', '1', '0', ''),
(147, 'J.1.B008.2008', '1', '0', ''),
(148, 'J.1.B009.2009', '3', '0', ''),
(149, 'J.1.B010.2010', '1', '0', ''),
(150, 'J.1.B011.2011', '4', '0', ''),
(151, 'J.1.B012.2012', '2', '0', ''),
(152, 'J.1.B013.2013', '5', '0', ''),
(153, 'J.1.B014.2014', '6', '0', ''),
(154, 'J.1.B015.2015', '9', '0', ''),
(155, 'J.1.B016.2016', '2', '0', ''),
(156, 'J.1.B017.2017', '12', '0', ''),
(157, 'J.1.B018.2018', '13', '0', ''),
(158, 'J.1.B019.2019', '5', '0', ''),
(159, 'J.1.B020.2020', '1', '0', ''),
(160, 'J.1.B021.2021', '1', '0', ''),
(161, 'J.1.B022.2022', '7', '0', ''),
(162, 'J.1.B023.2023', '4', '0', ''),
(163, 'J.1.B024.2024', '1.5', '0', ''),
(164, 'J.1.B025.2025', '0', '0', ''),
(165, 'J.1.B026.2026', '3', '0', ''),
(166, 'J.1.B027.2027', '7', '0', ''),
(167, 'J.1.B028.2028', '2', '0', ''),
(168, 'J.1.B029.2029', '0', '0', ''),
(169, 'J.1.B030.2030', '5', '0', ''),
(170, 'J.1.B031.2031', '1', '0', ''),
(171, 'J.1.B032.2032', '2', '0', ''),
(172, 'J.1.B033.2033', '1', '0', ''),
(173, 'J.1.B034.2034', '4', '0', ''),
(174, 'J.1.B035.2035', '13', '0', ''),
(175, 'J.1.B036.2036', '1', '0', ''),
(176, 'J.1.B037.2037', '550', '0', ''),
(177, 'J.1.B038.2038', '2', '0', ''),
(178, 'J.1.B039.2039', '1', '0', ''),
(179, 'J.1.B040.2040', '9', '0', ''),
(180, 'J.1.B041.2041', '1', '0', ''),
(181, 'J.1.B042.2042', '2', '0', ''),
(182, 'J.1.B043.2043', '3', '0', ''),
(183, 'J.1.B044.2044', '1', '0', ''),
(184, 'J.1.B045.2045', '7', '0', ''),
(185, 'J.1.B046.2046', '1', '0', ''),
(186, 'J.1.B047.2047', '0', '0', ''),
(187, 'J.1.A140.1140', '39', '0', NULL),
(188, 'J.1.B048.2048', '1', '1', ''),
(189, 'J.1.B049.2049', '14', '0', ''),
(190, 'J.1.B050.2050', '0', '1', ''),
(191, 'J.1.B051.2051', '2', '0', ''),
(192, 'J.1.B052.2052', '1', '0', ''),
(193, 'J.1.B053.2053', '4', '0', ''),
(194, 'J.1.B054.2054', '5', '0', ''),
(195, 'J.1.B055.2055', '1', '0', ''),
(196, 'J.1.B056.2056', '16', '0', ''),
(197, 'J.1.B057.2057', '3', '0', ''),
(198, 'J.1.B058.2058', '4', '0', ''),
(199, 'J.1.B059.2059', '23', '0', ''),
(200, 'J.1.B060.2060', '1', '0', ''),
(201, 'J.1.B061.2061', '4', '0', ''),
(202, 'J.1.B062.2062', '1', '0', ''),
(203, 'J.1.B063.2063', '1', '1', ''),
(204, 'J.1.B064.2064', '12', '0', ''),
(205, 'J.1.B065.2065', '1', '0', ''),
(206, 'J.1.B066.2066', '2', '0', ''),
(207, 'J.1.B067.2067', '1', '0', ''),
(208, 'J.1.B068.2068', '1', '0', ''),
(209, 'J.1.B069.2069', '2', '0', ''),
(210, 'J.1.B070.2070', '2', '0', ''),
(211, 'J.1.B071.2071', '1', '0', ''),
(212, 'J.1.B072.2072', '3', '0', ''),
(213, 'J.1.B073.2073', '3', '0', ''),
(214, 'J.1.B074.2074', '1', '0', ''),
(215, 'J.1.B075.2075', '12', '1', ''),
(216, 'J.1.B076.2076', '1', '0', ''),
(217, 'J.1.B077.2077', '4', '1', ''),
(218, 'J.1.B078.2078', '2', '0', ''),
(219, 'J.1.B079.2079', '1', '1', 'Power off ex switch lantai 2'),
(220, 'J.1.B080.2080', '3', '0', ''),
(221, 'J.1.B081.2081', '4', '0', ''),
(222, 'J.1.B081.2082', '3', '0', NULL),
(223, 'J.1.B081.2083', '1', '0', NULL),
(224, 'J.1.B081.2084', '1', '0', NULL),
(225, 'J.1.B081.2085', '1', '0', NULL),
(226, 'J.1.A141.1141', '1', '0', NULL),
(227, 'J.1.A142.1142', '0', '0', NULL),
(228, 'J.1.A143.1143', '10', '0', NULL),
(229, 'J.1.A144.1144', '2', '0', NULL),
(230, 'J.1.A145.1145', '2', '0', NULL),
(231, 'J.1.A146.1146', '2', '0', NULL),
(232, 'J.1.B082.2082', '3', '0', NULL),
(233, 'J.1.B083.2081', '', '', NULL),
(234, 'J.1.B084.2084', '0', '0', NULL),
(235, 'J.1.B085.2085', '1', '0', NULL),
(236, 'J.1.B085.2086', '1', '0', NULL),
(237, 'J.1.B085.2087', '18', '0', NULL),
(238, 'J.1.B085.2088', '12', '0', NULL),
(239, 'J.1.B085.2089', '6', '0', NULL),
(240, 'J.1.B085.2090', '12', '0', NULL),
(241, 'J.1.B085.2091', '6', '0', NULL),
(242, 'J.1.B085.2092', '1', '0', NULL),
(243, 'J.1.B085.2093', '1', '0', NULL),
(244, 'J.1.B085.2094', '12', '0', NULL),
(245, 'J.1.B085.2095', '2', '0', NULL),
(246, 'J.1.B085.2096', '6', '0', NULL),
(247, 'J.1.A146.1147', '8', '0', NULL),
(248, 'J.1.A146.1148', '11', '0', NULL),
(249, 'J.1.A146.1149', '8', '0', NULL),
(250, 'J.1.B085.2097', '12', '0', NULL),
(251, 'J.1.B085.2098', '2', '0', NULL),
(252, 'J.1.B085.2099', '23', '0', NULL),
(253, 'J.1.B085.2100', '41', '0', NULL),
(254, 'J.1.B085.2101', '2', '0', NULL),
(255, 'J.1.B085.2102', '12', '0', NULL),
(256, 'J.1.B085.2103', '5', '0', NULL),
(257, 'J.1.B085.2104', '5', '0', NULL),
(258, 'J.1.B085.2105', '1', '0', NULL);

-- --------------------------------------------------------

--
-- Table structure for table `infaq_bayar`
--

CREATE TABLE `infaq_bayar` (
  `id_infaq` int(11) NOT NULL,
  `tanggal_bayar` date NOT NULL,
  `pegawai_id` varchar(128) NOT NULL,
  `jumlah` varchar(128) NOT NULL,
  `keterangan` varchar(128) NOT NULL
) ENGINE=InnoDB DEFAULT CHARSET=utf8mb4;

--
-- Dumping data for table `infaq_bayar`
--

INSERT INTO `infaq_bayar` (`id_infaq`, `tanggal_bayar`, `pegawai_id`, `jumlah`, `keterangan`) VALUES
(1, '2021-11-01', '1271094610950001', '20000', 'Cash'),
(2, '2021-11-01', '1277012709960004', '100000', 'Transfer'),
(3, '2021-11-01', '1277050208870003', '50000', 'Transfer'),
(4, '2021-11-01', '1407055209960004', '50000', 'Transfer'),
(5, '2021-11-01', '1213020804820001', '20000', 'Cash'),
(6, '2021-11-01', '1277016706820003', '100000', 'Cash'),
(7, '2021-11-02', '1277027101790006', '100000', 'Cash'),
(8, '2021-11-02', '1277023101800003', '20000', 'Cash'),
(9, '2021-11-03', '1220041505592000', '20000', 'Cash'),
(10, '2021-11-03', '1277052010750001', '70000', 'Cash'),
(11, '2021-11-02', '1277025205960001', '50000', 'Cash'),
(12, '2021-11-02', '1213035006960003', '20000', 'Transfer'),
(13, '2021-11-03', '1213063001193000', '20000', 'Transfer'),
(14, '2021-11-02', '1277051708970001', '20000', 'Cash'),
(15, '2021-11-02', '1213214709900001', '20000', 'Cash'),
(16, '2021-11-02', '1277020510930004', '20000', 'Cash'),
(17, '2021-12-01', '1277016706820003', '100000', 'Transfer'),
(18, '2021-12-01', '1277050208870003', '50000', 'Transfer'),
(19, '2021-12-01', '1277027101790006', '100000', 'Cash'),
(20, '2021-12-02', '1271094610950001', '20000', 'Cash'),
(21, '2021-12-02', '1277025205960001', '50000', 'Cash'),
(22, '2021-12-03', '1213020804820001', '50000', 'Cash'),
(23, '2021-12-03', '1277051708970001', '20000', 'Cash'),
(24, '2021-12-03', '1213214709900001', '20000', 'Cash'),
(25, '2021-12-03', '1277020510930004', '20000', 'Cash'),
(26, '2021-12-03', '1277012709960004', '25000', 'Cash'),
(27, '2021-12-03', '1213035006960003', '20000', 'Cash'),
(28, '2021-12-03', '1277023101800003', '300000', 'Cash'),
(29, '2021-12-03', '1220041505592000', '20000', 'Cash'),
(30, '2021-12-06', '1213063001193000', '50000', 'Transfer'),
(31, '2021-12-06', '1407055209960004', '30000', 'Cash'),
(32, '2021-12-06', '1277052010750001', '125000', 'Cash'),
(33, '2022-01-03', '1407055209960004', '30000', 'Cash'),
(34, '2022-01-03', '1277050208870003', '100000', 'Transfer'),
(35, '2022-01-03', '1277012709960004', '25000', 'Cash'),
(36, '2022-01-03', '1277016706820003', '50000', 'Cash'),
(37, '2022-01-03', '1277027101790006', '50000', 'Cash'),
(38, '2022-01-03', '1277025205960001', '30000', 'Cash'),
(39, '2022-01-03', '1213214709900001', '20000', 'Cash'),
(40, '2022-01-04', '1277020510930004', '20000', 'Cash'),
(41, '2022-01-05', '1277051708970001', '30000', 'Cash'),
(42, '2022-01-05', '1213063001193000', '20000', 'Cash'),
(43, '2022-01-05', '1277023101800003', '20000', 'Cash'),
(44, '2022-01-05', '1220041505592000', '20000', 'Cash'),
(45, '2022-01-05', '1213035006960003', '20000', 'Cash'),
(46, '2022-01-06', '1271094610950001', '20000', 'Cash'),
(47, '2022-01-06', '1213020804820001', '50000', 'Cash'),
(48, '2022-01-06', '1277052010750001', '150000', 'Cash'),
(49, '2022-02-02', '1277027101790006', '50000', 'Cash'),
(50, '2022-02-02', '1277016706820003', '50000', 'Cash'),
(51, '2022-02-02', '1277025205960001', '30000', 'Cash'),
(52, '2022-02-02', '1277050208870003', '75000', 'Transfer'),
(53, '2022-02-02', '1271094610950001', '30000', 'Cash'),
(54, '2022-02-02', '1277020510930004', '20000', 'Cash'),
(55, '2022-02-02', '1213214709900001', '20000', 'Cash'),
(56, '2022-02-03', '1277023101800003', '50000', 'Cash'),
(57, '2022-02-03', '1407055209960004', '30000', 'Cash'),
(58, '2022-02-03', '1277012709960004', '20000', 'Cash'),
(59, '2022-02-03', '1220041505592000', '20000', 'Cash'),
(60, '2022-02-04', '1277051708970001', '20000', 'Cash'),
(61, '2022-02-04', '1213063001193000', '20000', 'Cash'),
(62, '2022-02-04', '1213035006960003', '20000', 'Cash'),
(63, '2022-02-04', '1213020804820001', '30000', 'Cash'),
(64, '2022-02-07', '1277052010750001', '100000', 'Cash'),
(65, '2022-03-01', '1277016706820003', '50000', 'Cash'),
(66, '2022-03-02', '1213020804820001', '40000', 'Cash'),
(67, '2022-03-02', '1277012709960004', '20000', 'Cash'),
(68, '2022-03-02', '1271094610950001', '30000', 'Cash'),
(69, '2022-03-02', '1277025205960001', '30000', 'Cash'),
(70, '2022-03-02', '1213035006960003', '20000', 'Cash'),
(71, '2022-03-02', '1277051708970001', '30000', 'Cash'),
(72, '2022-03-04', '1213214709900001', '20000', 'Cash'),
(73, '2022-03-04', '1277020510930004', '20000', 'Cash'),
(74, '2022-03-04', '1277027101790006', '50000', 'Cash'),
(75, '2022-03-04', '1277023101800003', '50000', 'Cash'),
(76, '2022-03-04', '1213063001193000', '20000', 'Cash'),
(77, '2022-03-04', '1220041505592000', '20000', 'Cash'),
(78, '2022-03-04', '1277050208870003', '80000', 'Cash'),
(79, '2022-03-11', '1277052010750001', '50000', 'Cash'),
(80, '2022-04-01', '1277051708970001', '40000', 'Cash'),
(81, '2022-04-04', '1277027101790006', '50000', 'Cash'),
(82, '2022-04-04', '1277023101800003', '50000', 'Cash'),
(83, '2022-04-04', '1213063001193000', '20000', 'Cash'),
(84, '2022-04-04', '1277016706820003', '50000', 'Cash'),
(85, '2022-04-04', '1277025205960001', '50000', 'Cash'),
(86, '2022-04-04', '1271094610950001', '20000', 'Cash'),
(87, '2022-04-04', '1277050208870003', '50000', 'Cash'),
(88, '2022-04-04', '1220041505592000', '20000', 'Cash'),
(89, '2022-04-04', '1213035006960003', '20000', 'Cash'),
(90, '2022-04-05', '1213214709900001', '10000', 'Cash'),
(91, '2022-04-05', '1277020510930004', '10000', 'Cash'),
(92, '2022-04-05', '1213020804820001', '30000', 'Cash'),
(93, '2022-04-07', '1277052010750001', '60000', 'Cash'),
(94, '2022-05-12', '1277016706820003', '50000', 'Cash'),
(95, '2022-05-12', '1277051708970001', '20000', 'Cash'),
(96, '2022-05-12', '1271094610950001', '20000', 'Cash'),
(97, '2022-05-12', '1277025205960001', '30000', 'Cash'),
(98, '2022-05-13', '1277023101800003', '30000', 'Cash'),
(99, '2022-05-13', '1277020510930004', '10000', 'Cash'),
(100, '2022-05-13', '1277027101790006', '50000', 'Cash'),
(101, '2022-05-17', '1213214709900001', '10000', 'Cash'),
(102, '2022-05-17', '1277050208870003', '25000', 'Cash'),
(103, '2022-05-17', '1213035006960003', '20000', 'Cash'),
(104, '2022-05-17', '1220041505592000', '20000', 'Cash'),
(105, '2022-05-17', '1213063001193000', '20000', 'Cash'),
(106, '2022-05-18', '1213020804820001', '30000', 'Cash'),
(108, '2022-05-02', '1277052010750001', '65000', 'Cash'),
(109, '2022-06-02', '1277016706820003', '50000', 'Cash'),
(110, '2022-06-02', '1271094610950001', '20000', 'Cash'),
(111, '2022-06-03', '1277051708970001', '30000', 'Cash'),
(112, '2022-06-03', '1277025205960001', '30000', 'Cash'),
(113, '2022-06-03', '1277027101790006', '50000', 'Cash'),
(114, '2022-06-03', '1213063001193000', '20000', 'Cash'),
(115, '2022-06-03', '1277023101800003', '50000', 'Cash'),
(116, '2022-06-03', '1213020804820001', '30000', 'Cash'),
(117, '2022-06-03', '1213035006960003', '20000', 'Cash'),
(118, '2022-06-03', '1220041505592000', '20000', 'Cash'),
(119, '2022-06-03', '1277011810930003', '10000', 'Cash'),
(120, '2022-06-03', '1272034503940002', '10000', 'Cash'),
(121, '2022-06-03', '1277015701980003', '10000', 'Cash'),
(122, '2022-06-06', '1277020510930004', '10000', 'Cash'),
(123, '2022-06-06', '1277010308960003', '10000', 'Cash'),
(124, '2022-06-06', '1277050208870003', '80000', 'Cash'),
(125, '2022-06-08', '1213214709900001', '10000', 'Cash'),
(126, '2022-06-13', '1277052010750001', '140000', 'Cash');

-- --------------------------------------------------------

--
-- Table structure for table `infaq_serah`
--

CREATE TABLE `infaq_serah` (
  `id_serah` int(11) NOT NULL,
  `tanggal_serah` date NOT NULL,
  `jumlah_serah` varchar(128) NOT NULL,
  `terbilang` varchar(128) NOT NULL,
  `kepada` varchar(128) NOT NULL
) ENGINE=InnoDB DEFAULT CHARSET=utf8mb4;

--
-- Dumping data for table `infaq_serah`
--

INSERT INTO `infaq_serah` (`id_serah`, `tanggal_serah`, `jumlah_serah`, `terbilang`, `kepada`) VALUES
(1, '2021-11-03', '700000', 'Enam ratus sembilan puluh ribu rupiah', '1277052010750001'),
(2, '2021-12-06', '1000000', 'Satu juta rupiah', '1277052010750001'),
(3, '2022-01-06', '655000', 'Enam Ratus Lima Puluh Lima Ribu Rupiah', '1277052010750001'),
(4, '2022-02-07', '585000', 'Lima ratus delapan puluh lima ribu rupiah', '1277052010750001'),
(5, '2022-03-11', '530000', 'Lima ratus tiga puluh ribu rupiah', '1277052010750001'),
(6, '2022-05-18', '480000', 'Lima ratus ribu rupiah', '1277052010750001');

-- --------------------------------------------------------

--
-- Table structure for table `jenis_barang`
--

CREATE TABLE `jenis_barang` (
  `id_jenis` int(11) NOT NULL,
  `nama_jenis` varchar(128) NOT NULL
) ENGINE=InnoDB DEFAULT CHARSET=utf8mb4;

--
-- Dumping data for table `jenis_barang`
--

INSERT INTO `jenis_barang` (`id_jenis`, `nama_jenis`) VALUES
(1, 'Barang Habis'),
(2, 'Barang Tidak Habis');

-- --------------------------------------------------------

--
-- Table structure for table `lokasi`
--

CREATE TABLE `lokasi` (
  `id_lokasi` int(11) NOT NULL,
  `barang_kode` varchar(128) NOT NULL,
  `ruang_id` int(11) NOT NULL,
  `jumlah` varchar(5) NOT NULL
) ENGINE=InnoDB DEFAULT CHARSET=latin1;

-- --------------------------------------------------------

--
-- Table structure for table `pegawai`
--

CREATE TABLE `pegawai` (
  `id_pegawai` varchar(16) NOT NULL,
  `nama_pegawai` varchar(128) NOT NULL,
  `email` varchar(128) NOT NULL,
  `phone` varchar(13) NOT NULL,
  `bagian_id` int(11) NOT NULL,
  `foto` varchar(128) NOT NULL,
  `is_active` int(1) NOT NULL
) ENGINE=InnoDB DEFAULT CHARSET=latin1;

--
-- Dumping data for table `pegawai`
--

INSERT INTO `pegawai` (`id_pegawai`, `nama_pegawai`, `email`, `phone`, `bagian_id`, `foto`, `is_active`) VALUES
('1213020804820001', 'Muhammad Nuddin', 'muhammadnuddinpyb@gmail.com', '081397990485', 5, '243074994_1647570605417911_2199943828034061316_n.jpg', 1),
('1213035006960003', 'Rina Edipa', 'Ediparina96@gmail.com', '081343738343', 4, 'IMG_20210222_080242.jpg', 1),
('1213063001193000', 'Adi Firmansyah', 'adifirmansyah30111993@gmail.com', '081367643207', 4, 'IMG-20191112-WA0000.jpg', 1),
('1213214709900001', 'Erni Wahyuni', 'erniwahyuni@gmail.com', '081234567890', 7, 'avatar.png', 1),
('1220041505592000', 'Jainal Siregar', 'jainalsiregar15@gmail.com', '085381568500', 4, 'IMG_20210222_082800.jpg', 1),
('1271094610950001', 'Suci Syahfifa Nasution', 'Sucisyahfifa@gmail.com', '081265307894', 4, 'IBU_SUCI_SN.jpg', 1),
('1272034503940002', 'Diva Rahmadani Damanik, S.Sos', 'divarahmadani@gmail.com', '081230135030', 3, 'profil_w.jpg', 1),
('127302531197001', 'El Shifa Alhafisa Nasution', 'elshifaalhafisanasution@gmail.com', '082277523863', 4, 'El_Shifa.jpeg', 0),
('1277010308960003', 'Ihdi Syahputra Ritonga', 'ihdi.syahputra@gmail.com', '082211703018', 6, 'profil.jpg', 1),
('1277011810930003', 'Kamal Siregar, S.Sos', 'kamalsiregar18@gmail.com', '082137375628', 3, 'profil1.jpg', 1),
('1277012709960004', 'Rizqi Nusabbih', 'rizqinusabbih@iain-padangsidimpuan.ac.id', '081222821186', 6, 'IMG_20171226_052052.jpg', 0),
('1277015701980003', 'Fatimah Ramadani Gaja, S.S.I', 'fatimahramadani1701@gmail.com', '082362050862', 3, 'profil_w1.jpg', 1),
('1277016706820003', 'Mutia Handayani', 'mutiahanahani@gmail.com', '082164676009', 3, 'fotoku.jpeg', 1),
('1277020510930004', 'Deni Mas Eko', 'maseko@gmail.com', '081234567890', 7, 'avatar1.png', 1),
('1277023101800003', 'Muhammad Ihsan Ritonga', 'ihsanrtg@gmail.com', '081361174074', 4, 'Ihsan.jpeg', 1),
('1277025205960001', 'Elysa Fitri Pakpahan', 'elysafitripakpahan12@gmail.com', '082276456712', 3, '3x4_Elysa.jpg', 1),
('1277027101790006', 'Zuraidah', 'zuraidahidah31@gmail.com', '085262009693', 3, 'IBU_ZURAIDAH.jpg', 1),
('1277050208870003', 'Aflah Indra Pulungan', 'aflahindradua@gmail.com', '082366088911', 2, 'FOTO_PROFIL_2.png', 1),
('1277051708970001', 'Faqihuddin Nasution', 'nasutionfaqihuddin@gmail.com', '082166213694', 4, 'IMG_20210301_092225_HDR.jpg', 1),
('1277052010750001', 'Yusri Fahmi', 'yfahmi2010@gmail.com', '085275251724', 1, 'pas_photo_kecil.jpg', 1),
('1407055209960004', 'Darmayanti', 'darmayantisimamora@gmail.com', '081378322311', 3, 'AMA.jpg', 0);

-- --------------------------------------------------------

--
-- Table structure for table `penerima`
--

CREATE TABLE `penerima` (
  `id_penerima` int(11) NOT NULL,
  `nama_penerima` varchar(128) NOT NULL
) ENGINE=InnoDB DEFAULT CHARSET=latin1;

-- --------------------------------------------------------

--
-- Table structure for table `ruang`
--

CREATE TABLE `ruang` (
  `id_ruang` int(11) NOT NULL,
  `lantai` varchar(128) NOT NULL,
  `nama_ruang` varchar(128) NOT NULL
) ENGINE=InnoDB DEFAULT CHARSET=latin1;

--
-- Dumping data for table `ruang`
--

INSERT INTO `ruang` (`id_ruang`, `lantai`, `nama_ruang`) VALUES
(1, 'Lantai 1', 'Layanan Informasi'),
(2, 'Lantai 1', 'Layanan Loker'),
(3, 'Lantai 1', 'Layanan Pengembalian'),
(4, 'Lantai 1', 'Layanan Administrasi'),
(5, 'Lantai 1', 'Kerumahtanggaan'),
(6, 'Lantai 1', 'Kepala Perpustakaan'),
(7, 'Lantai 1', 'Rapat'),
(8, 'Lantai 1', 'Gudang'),
(9, 'Lantai 1', 'Pengolahan'),
(10, 'Lantai 1', 'Layanan Karya Akhir'),
(11, 'Lantai 1', 'Layanan Tandon'),
(12, 'Lantai 1', 'Layanan E-Resources'),
(13, 'Lantai 1', 'Server'),
(14, 'Lantai 1', 'Gudang Server'),
(15, 'Lantai 2', 'Layanan BI Corner'),
(16, 'Lantai 2', 'Layanan Peminjaman'),
(17, 'Lantai 1', 'Zona Koleksi Khusus'),
(18, 'Lantai 2', 'OPAC'),
(19, 'Lantai 2', 'Area Baca Laki-Laki'),
(20, 'Lantai 2', 'Area Baca Perempuan'),
(21, 'Lantai 2', 'Gudang'),
(22, 'Lantai 3', 'Aula'),
(23, 'Lantai 3', 'Gudang');

-- --------------------------------------------------------

--
-- Table structure for table `sirkulasi`
--

CREATE TABLE `sirkulasi` (
  `id_sirkulasi` int(11) NOT NULL,
  `invoice` varchar(10) NOT NULL,
  `barang_kode` varchar(128) NOT NULL,
  `jumlah` int(11) NOT NULL,
  `pegawai_id` varchar(128) NOT NULL,
  `penerima_barang` varchar(128) NOT NULL,
  `unit` varchar(128) NOT NULL,
  `tanggal_pinjam` date NOT NULL,
  `tanggal_kembali` date NOT NULL,
  `tanggal_dikembalikan` varchar(11) NOT NULL,
  `return_barang` varchar(128) NOT NULL,
  `keterangan` varchar(128) NOT NULL
) ENGINE=InnoDB DEFAULT CHARSET=latin1;

-- --------------------------------------------------------

--
-- Table structure for table `stm_pembayaran`
--

CREATE TABLE `stm_pembayaran` (
  `id_stm` int(11) NOT NULL,
  `tanggal_bayar` date NOT NULL,
  `pegawai_id` varchar(128) NOT NULL,
  `jumlah` varchar(128) NOT NULL,
  `keterangan` varchar(255) DEFAULT NULL
) ENGINE=InnoDB DEFAULT CHARSET=utf8mb4;

--
-- Dumping data for table `stm_pembayaran`
--

INSERT INTO `stm_pembayaran` (`id_stm`, `tanggal_bayar`, `pegawai_id`, `jumlah`, `keterangan`) VALUES
(1, '2021-11-01', '1277052010750001', '20000', 'Uang pangkal'),
(2, '2021-11-01', '1277050208870003', '20000', 'Uang pangkal'),
(3, '2021-11-01', '1407055209960004', '20000', 'Uang pangkal'),
(4, '2021-11-01', '1277025205960001', '20000', 'Uang pangkal'),
(5, '2021-11-01', '1277016706820003', '20000', 'Uang pangkal'),
(6, '2021-11-01', '1277027101790006', '20000', 'Uang pangkal'),
(7, '2021-11-01', '1271094610950001', '20000', 'Uang pangkal'),
(8, '2021-11-01', '1220041505592000', '20000', 'Uang pangkal'),
(9, '2021-11-01', '1213063001193000', '20000', 'Uang pangkal'),
(10, '2021-11-01', '1277023101800003', '20000', 'Uang pangkal'),
(11, '2021-11-01', '1213035006960003', '20000', 'Uang pangkal'),
(12, '2021-11-01', '1277051708970001', '20000', 'Uang pangkal'),
(13, '2021-11-01', '1213020804820001', '20000', 'Uang pangkal'),
(14, '2021-11-01', '1277012709960004', '20000', 'Uang pangkal'),
(15, '2021-11-01', '1213214709900001', '20000', 'Uang pangkal'),
(16, '2021-11-01', '1277020510930004', '20000', 'Uang pangkal'),
(17, '2021-11-01', '1277052010750001', '20000', 'Cash'),
(18, '2021-11-01', '1277050208870003', '20000', 'Cash'),
(19, '2021-11-01', '1407055209960004', '20000', 'Cash'),
(20, '2021-11-01', '1277025205960001', '20000', 'Cash'),
(21, '2021-11-01', '1277016706820003', '20000', 'Cash'),
(22, '2021-11-01', '1277027101790006', '20000', 'Cash'),
(23, '2021-11-01', '1271094610950001', '20000', 'Cash'),
(24, '2021-11-01', '1220041505592000', '20000', 'Cash'),
(25, '2021-11-01', '1213063001193000', '20000', 'Cash'),
(26, '2021-11-01', '1277023101800003', '20000', 'Cash'),
(27, '2021-11-01', '1213035006960003', '20000', 'Cash'),
(28, '2021-11-01', '1277051708970001', '20000', 'Cash'),
(29, '2021-11-01', '1213020804820001', '20000', 'Cash'),
(30, '2021-11-01', '1277012709960004', '20000', 'Cash'),
(31, '2021-11-01', '1213214709900001', '20000', 'Cash'),
(32, '2021-11-01', '1277020510930004', '20000', 'Cash'),
(33, '2021-12-14', '1277052010750001', '20000', 'Cash'),
(34, '2021-12-14', '1277050208870003', '20000', 'Cash'),
(35, '2021-12-14', '1407055209960004', '20000', 'Cash'),
(36, '2021-12-14', '1277025205960001', '20000', 'Cash'),
(37, '2021-12-14', '1277016706820003', '20000', 'Cash'),
(38, '2021-12-14', '1277027101790006', '20000', 'Cash'),
(39, '2021-12-14', '1271094610950001', '20000', 'Cash'),
(40, '2021-12-14', '1220041505592000', '20000', 'Cash'),
(41, '2021-12-14', '1213063001193000', '20000', 'Cash'),
(42, '2021-12-14', '1277023101800003', '20000', 'Cash'),
(43, '2021-12-14', '1213035006960003', '20000', 'Cash'),
(44, '2021-12-14', '1277051708970001', '20000', 'Cash'),
(45, '2021-12-14', '1213020804820001', '20000', 'Cash'),
(46, '2021-12-14', '1277012709960004', '20000', 'Cash'),
(47, '2021-12-14', '1213214709900001', '20000', 'Cash'),
(48, '2021-12-14', '1277020510930004', '20000', 'Cash'),
(49, '2022-01-03', '1277012709960004', '20000', 'cash'),
(50, '2022-01-03', '1277027101790006', '20000', 'Cash'),
(51, '2022-01-03', '1277016706820003', '20000', 'Cash'),
(52, '2022-01-03', '1277025205960001', '20000', 'Cash'),
(53, '2022-01-04', '1213214709900001', '20000', 'Cash'),
(54, '2022-01-04', '1277020510930004', '20000', 'Cash'),
(55, '2022-01-05', '1407055209960004', '20000', 'Cash'),
(56, '2022-01-05', '1277051708970001', '20000', 'Cash'),
(57, '2022-01-05', '1213063001193000', '20000', 'Cash'),
(58, '2022-01-05', '1277023101800003', '20000', 'Cash'),
(59, '2022-01-05', '1213035006960003', '20000', 'Cash'),
(60, '2022-01-05', '1220041505592000', '20000', 'Cash'),
(61, '2022-01-06', '1271094610950001', '20000', 'Cash'),
(62, '2022-01-06', '1213020804820001', '20000', 'Cash'),
(63, '2022-01-06', '1277052010750001', '20000', 'Cash'),
(64, '2022-01-06', '1277050208870003', '20000', 'Cash'),
(65, '2022-02-02', '1277027101790006', '20000', 'cash'),
(66, '2022-02-02', '1277016706820003', '20000', 'Cash'),
(67, '2022-02-02', '1213214709900001', '20000', 'Cash'),
(68, '2022-02-02', '1271094610950001', '20000', 'Cash'),
(69, '2022-02-02', '1277020510930004', '20000', 'Cas'),
(70, '2022-02-03', '1277023101800003', '20000', 'Cash'),
(71, '2022-02-03', '1407055209960004', '20000', 'Cash'),
(72, '2022-02-03', '1213035006960003', '20000', 'Cash'),
(73, '2022-02-03', '1220041505592000', '20000', 'Cash'),
(74, '2022-02-03', '1213063001193000', '20000', 'Cash'),
(75, '2022-02-03', '1277012709960004', '20000', 'Cash'),
(76, '2022-02-04', '1277050208870003', '20000', 'Cash'),
(77, '2022-02-04', '1277025205960001', '20000', 'Cash'),
(78, '2022-02-04', '1277051708970001', '20000', 'Cash'),
(79, '2022-02-04', '1213020804820001', '20000', 'Cash'),
(80, '2022-02-07', '1277052010750001', '20000', 'Cash'),
(81, '2022-03-01', '1277016706820003', '20000', 'Cash'),
(82, '2022-03-02', '1277012709960004', '20000', 'Cash'),
(83, '2022-03-02', '1213020804820001', '20000', 'Cash'),
(84, '2022-03-04', '1277020510930004', '20000', 'cash'),
(85, '2022-03-04', '1213214709900001', '20000', 'cash'),
(86, '2022-03-04', '1277025205960001', '20000', 'cash'),
(87, '2022-03-04', '1213035006960003', '20000', 'cash'),
(88, '2022-03-04', '1277051708970001', '20000', 'cash'),
(89, '2022-03-04', '1213063001193000', '20000', 'Cash'),
(90, '2022-03-04', '1277023101800003', '20000', 'Cash'),
(91, '2022-03-04', '1277027101790006', '20000', 'Cash'),
(92, '2022-03-04', '1220041505592000', '20000', 'cash'),
(93, '2022-03-04', '1277050208870003', '20000', 'Cash'),
(94, '2022-03-11', '1277052010750001', '20000', 'Cash'),
(95, '2022-03-11', '1271094610950001', '20000', 'Cash'),
(96, '2022-04-01', '1277051708970001', '20000', 'Cash'),
(97, '2022-04-04', '1213063001193000', '20000', 'Cas'),
(98, '2022-04-04', '1277023101800003', '20000', 'Cash'),
(99, '2022-04-04', '1277016706820003', '20000', 'Cash'),
(100, '2022-04-04', '1277025205960001', '20000', 'Cash'),
(101, '2022-04-04', '1277027101790006', '20000', 'Cash'),
(102, '2022-04-04', '1271094610950001', '20000', 'Cash'),
(103, '2022-04-04', '1277050208870003', '20000', 'Cash'),
(104, '2022-04-04', '1220041505592000', '20000', 'Cash'),
(105, '2022-04-04', '1213035006960003', '20000', 'Cash'),
(106, '2022-04-05', '1213214709900001', '20000', 'Cash'),
(107, '2022-04-05', '1277020510930004', '20000', 'Cash'),
(108, '2022-04-05', '1213020804820001', '20000', 'Cash'),
(109, '2022-04-13', '1277052010750001', '20000', 'Cash'),
(110, '2022-05-12', '1277051708970001', '20000', 'Cash'),
(111, '2022-05-12', '1271094610950001', '20000', 'Cash'),
(112, '2022-05-12', '1277016706820003', '20000', 'Cash'),
(113, '2022-05-12', '1277025205960001', '20000', 'Cash'),
(114, '2022-05-12', '1277023101800003', '20000', 'Cash'),
(115, '2022-05-13', '1277020510930004', '20000', 'Cash'),
(116, '2022-05-13', '1277027101790006', '20000', 'Cash'),
(117, '2022-05-17', '1213214709900001', '20000', 'Cash'),
(118, '2022-05-17', '1277050208870003', '20000', 'Cash'),
(119, '2022-05-17', '1220041505592000', '20000', 'Cash'),
(120, '2022-05-17', '1213063001193000', '20000', 'Cash'),
(121, '2022-05-17', '1213035006960003', '20000', 'Cash'),
(122, '2022-05-20', '1277052010750001', '20000', 'Cash'),
(123, '2022-05-20', '1213020804820001', '20000', 'Cash\r\n'),
(124, '2022-06-03', '1277016706820003', '20000', 'Cash'),
(125, '2022-06-03', '1277051708970001', '20000', 'Cash'),
(126, '2022-06-03', '1277025205960001', '20000', 'Cash'),
(127, '2022-06-03', '1271094610950001', '20000', 'Cash'),
(128, '2022-06-03', '1277027101790006', '20000', 'Cash'),
(129, '2022-06-03', '1213063001193000', '20000', 'Cash'),
(130, '2022-06-03', '1213020804820001', '20000', 'Cash'),
(131, '2022-06-03', '1220041505592000', '20000', 'Cash'),
(132, '2022-06-03', '1213035006960003', '20000', 'Cash'),
(133, '2022-06-03', '1277023101800003', '20000', 'Cash'),
(134, '2022-06-03', '1272034503940002', '20000', 'Uang Pangkal '),
(135, '2022-06-03', '1277011810930003', '20000', 'Uang Pangkal'),
(136, '2022-06-03', '1277015701980003', '20000', 'Uang Pangkal'),
(137, '2022-06-03', '1277015701980003', '20000', 'Cash'),
(138, '2022-06-03', '1277010308960003', '20000', 'Uang Pangkal'),
(139, '2022-06-03', '1277010308960003', '20000', 'Cash'),
(140, '2022-06-06', '1277020510930004', '20000', 'Cash'),
(141, '2022-06-06', '1277050208870003', '20000', 'Cash'),
(142, '2022-06-08', '1213214709900001', '20000', 'Cash'),
(143, '2022-06-13', '1277052010750001', '20000', 'Cash');

-- --------------------------------------------------------

--
-- Table structure for table `stm_serah`
--

CREATE TABLE `stm_serah` (
  `id_serah` int(11) NOT NULL,
  `tanggal_serah` date NOT NULL,
  `jumlah_serah` varchar(128) NOT NULL,
  `terbilang` varchar(128) NOT NULL,
  `kepada` varchar(128) NOT NULL
) ENGINE=InnoDB DEFAULT CHARSET=utf8mb4;

--
-- Dumping data for table `stm_serah`
--

INSERT INTO `stm_serah` (`id_serah`, `tanggal_serah`, `jumlah_serah`, `terbilang`, `kepada`) VALUES
(1, '2021-11-05', '200000', 'Barang', '1277012709960004'),
(2, '2021-12-19', '200000', 'Uang', '1213063001193000'),
(3, '2022-01-28', '150000', 'Uang', '1277023101800003'),
(4, '2022-03-24', '150000', 'Uang', '1277016706820003'),
(5, '2022-05-24', '150000', 'Uang', '1277020510930004'),
(6, '2022-05-25', '150000', 'Uang', '1213020804820001');

-- --------------------------------------------------------

--
-- Table structure for table `unit`
--

CREATE TABLE `unit` (
  `id_unit` int(11) NOT NULL,
  `nama_unit` varchar(128) NOT NULL
) ENGINE=InnoDB DEFAULT CHARSET=latin1;

-- --------------------------------------------------------

--
-- Table structure for table `user`
--

CREATE TABLE `user` (
  `id_user` int(11) NOT NULL,
  `username` varchar(128) NOT NULL,
  `password` varchar(128) NOT NULL,
  `date_created` int(11) NOT NULL,
  `is_active` int(1) NOT NULL
) ENGINE=InnoDB DEFAULT CHARSET=utf8mb4;

--
-- Dumping data for table `user`
--

INSERT INTO `user` (`id_user`, `username`, `password`, `date_created`, `is_active`) VALUES
(1, 'admin', '$2y$10$Uaxs/CzZReeN0VRQ.dY1UejztS3cUkFr..mD1NcTqNZIo4fx8Etbq', 1618556690, 1),
(2, 'stm', '$2y$10$Qrt0Ue4fGjnw.f2koQYrZON3js35HE9QYnXDURgLjJst.KRkUnNLG', 1639386209, 1),
(3, 'infaq', '$2y$10$vWaXGc0vDOyruKRFCCV6U.0FS6XWS.0drM5y6quCtQERrHhcF59Mm', 1639386225, 1);

--
-- Indexes for dumped tables
--

--
-- Indexes for table `bagian`
--
ALTER TABLE `bagian`
  ADD PRIMARY KEY (`id_bagian`);

--
-- Indexes for table `barang`
--
ALTER TABLE `barang`
  ADD PRIMARY KEY (`kode_barang`);

--
-- Indexes for table `barang_keluar`
--
ALTER TABLE `barang_keluar`
  ADD PRIMARY KEY (`id_keluar`);

--
-- Indexes for table `barang_masuk`
--
ALTER TABLE `barang_masuk`
  ADD PRIMARY KEY (`id_bm`);

--
-- Indexes for table `barang_tersedia`
--
ALTER TABLE `barang_tersedia`
  ADD PRIMARY KEY (`id_tersedia`);

--
-- Indexes for table `infaq_bayar`
--
ALTER TABLE `infaq_bayar`
  ADD PRIMARY KEY (`id_infaq`);

--
-- Indexes for table `infaq_serah`
--
ALTER TABLE `infaq_serah`
  ADD PRIMARY KEY (`id_serah`);

--
-- Indexes for table `jenis_barang`
--
ALTER TABLE `jenis_barang`
  ADD PRIMARY KEY (`id_jenis`);

--
-- Indexes for table `lokasi`
--
ALTER TABLE `lokasi`
  ADD PRIMARY KEY (`id_lokasi`);

--
-- Indexes for table `pegawai`
--
ALTER TABLE `pegawai`
  ADD PRIMARY KEY (`id_pegawai`);

--
-- Indexes for table `penerima`
--
ALTER TABLE `penerima`
  ADD PRIMARY KEY (`id_penerima`);

--
-- Indexes for table `ruang`
--
ALTER TABLE `ruang`
  ADD PRIMARY KEY (`id_ruang`);

--
-- Indexes for table `sirkulasi`
--
ALTER TABLE `sirkulasi`
  ADD PRIMARY KEY (`id_sirkulasi`);

--
-- Indexes for table `stm_pembayaran`
--
ALTER TABLE `stm_pembayaran`
  ADD PRIMARY KEY (`id_stm`);

--
-- Indexes for table `stm_serah`
--
ALTER TABLE `stm_serah`
  ADD PRIMARY KEY (`id_serah`);

--
-- Indexes for table `unit`
--
ALTER TABLE `unit`
  ADD PRIMARY KEY (`id_unit`);

--
-- Indexes for table `user`
--
ALTER TABLE `user`
  ADD PRIMARY KEY (`id_user`);

--
-- AUTO_INCREMENT for dumped tables
--

--
-- AUTO_INCREMENT for table `bagian`
--
ALTER TABLE `bagian`
  MODIFY `id_bagian` int(11) NOT NULL AUTO_INCREMENT, AUTO_INCREMENT=8;

--
-- AUTO_INCREMENT for table `barang_keluar`
--
ALTER TABLE `barang_keluar`
  MODIFY `id_keluar` int(11) NOT NULL AUTO_INCREMENT, AUTO_INCREMENT=311;

--
-- AUTO_INCREMENT for table `barang_masuk`
--
ALTER TABLE `barang_masuk`
  MODIFY `id_bm` int(11) NOT NULL AUTO_INCREMENT, AUTO_INCREMENT=296;

--
-- AUTO_INCREMENT for table `barang_tersedia`
--
ALTER TABLE `barang_tersedia`
  MODIFY `id_tersedia` int(11) NOT NULL AUTO_INCREMENT, AUTO_INCREMENT=259;

--
-- AUTO_INCREMENT for table `infaq_bayar`
--
ALTER TABLE `infaq_bayar`
  MODIFY `id_infaq` int(11) NOT NULL AUTO_INCREMENT, AUTO_INCREMENT=127;

--
-- AUTO_INCREMENT for table `infaq_serah`
--
ALTER TABLE `infaq_serah`
  MODIFY `id_serah` int(11) NOT NULL AUTO_INCREMENT, AUTO_INCREMENT=7;

--
-- AUTO_INCREMENT for table `jenis_barang`
--
ALTER TABLE `jenis_barang`
  MODIFY `id_jenis` int(11) NOT NULL AUTO_INCREMENT, AUTO_INCREMENT=3;

--
-- AUTO_INCREMENT for table `lokasi`
--
ALTER TABLE `lokasi`
  MODIFY `id_lokasi` int(11) NOT NULL AUTO_INCREMENT;

--
-- AUTO_INCREMENT for table `penerima`
--
ALTER TABLE `penerima`
  MODIFY `id_penerima` int(11) NOT NULL AUTO_INCREMENT;

--
-- AUTO_INCREMENT for table `ruang`
--
ALTER TABLE `ruang`
  MODIFY `id_ruang` int(11) NOT NULL AUTO_INCREMENT, AUTO_INCREMENT=24;

--
-- AUTO_INCREMENT for table `sirkulasi`
--
ALTER TABLE `sirkulasi`
  MODIFY `id_sirkulasi` int(11) NOT NULL AUTO_INCREMENT;

--
-- AUTO_INCREMENT for table `stm_pembayaran`
--
ALTER TABLE `stm_pembayaran`
  MODIFY `id_stm` int(11) NOT NULL AUTO_INCREMENT, AUTO_INCREMENT=144;

--
-- AUTO_INCREMENT for table `stm_serah`
--
ALTER TABLE `stm_serah`
  MODIFY `id_serah` int(11) NOT NULL AUTO_INCREMENT, AUTO_INCREMENT=7;

--
-- AUTO_INCREMENT for table `unit`
--
ALTER TABLE `unit`
  MODIFY `id_unit` int(11) NOT NULL AUTO_INCREMENT;

--
-- AUTO_INCREMENT for table `user`
--
ALTER TABLE `user`
  MODIFY `id_user` int(11) NOT NULL AUTO_INCREMENT, AUTO_INCREMENT=4;
COMMIT;

/*!40101 SET CHARACTER_SET_CLIENT=@OLD_CHARACTER_SET_CLIENT */;
/*!40101 SET CHARACTER_SET_RESULTS=@OLD_CHARACTER_SET_RESULTS */;
/*!40101 SET COLLATION_CONNECTION=@OLD_COLLATION_CONNECTION */;
